#,Name,Type,Total,HP,Attack,Defense,Sp. Atk,Sp. Def,Speed,Generation,Height,Weight,BMI
1,Bulbasaur,Grass,318,45,49,49,65,65,45,1,0.71,6.9,13.7
1,Bulbasaur,Poison,318,45,49,49,65,65,45,1,0.71,6.9,13.7
2,Ivysaur,Grass,405,60,62,63,80,80,60,1,0.99,13,13.3
2,Ivysaur,Poison,405,60,62,63,80,80,60,1,0.99,13,13.3
3,Venusaur,Grass,525,80,82,83,100,100,80,1,2.01,100,24.8
3,Venusaur,Poison,525,80,82,83,100,100,80,1,2.01,100,24.8
3,"Venusaur
Mega Venusaur",Grass,625,80,100,123,122,120,80,1,2.29,155.5,29.7
3,"Venusaur
Mega Venusaur",Poison,625,80,100,123,122,120,80,1,2.29,155.5,29.7
4,Charmander,Fire,309,39,52,43,60,50,65,1,0.61,8.5,22.8
5,Charmeleon,Fire,405,58,64,58,80,65,80,1,1.09,19,16
6,Charizard,Fire,534,78,84,78,109,85,100,1,1.7,90.5,31.3
6,Charizard,Flying,534,78,84,78,109,85,100,1,1.7,90.5,31.3
6,"Charizard
Mega Charizard X",Fire,634,78,130,111,130,85,100,1,1.7,110.5,38.2
6,"Charizard
Mega Charizard X",Dragon,634,78,130,111,130,85,100,1,1.7,110.5,38.2
6,"Charizard
Mega Charizard Y",Fire,634,78,104,78,159,115,100,1,1.7,100.5,34.8
6,"Charizard
Mega Charizard Y",Flying,634,78,104,78,159,115,100,1,1.7,100.5,34.8
7,Squirtle,Water,314,44,48,65,50,64,43,1,0.51,9,34.6
8,Wartortle,Water,405,59,63,80,65,80,58,1,0.99,22.5,23
9,Blastoise,Water,530,79,83,100,85,105,78,1,1.6,85.5,33.4
9,"Blastoise
Mega Blastoise",Water,630,79,103,120,135,115,78,1,1.6,101.1,39.5
10,Caterpie,Bug,195,45,30,35,20,20,45,1,0.3,2.9,32.2
11,Metapod,Bug,205,50,20,55,25,25,30,1,0.71,9.9,19.6
12,Butterfree,Bug,395,60,45,50,90,80,70,1,1.09,32,26.9
12,Butterfree,Flying,395,60,45,50,90,80,70,1,1.09,32,26.9
13,Weedle,Bug,195,40,35,30,20,20,50,1,0.3,3.2,35.6
13,Weedle,Poison,195,40,35,30,20,20,50,1,0.3,3.2,35.6
14,Kakuna,Bug,205,45,25,50,25,25,35,1,0.61,10,26.9
14,Kakuna,Poison,205,45,25,50,25,25,35,1,0.61,10,26.9
15,Beedrill,Bug,395,65,90,40,45,80,75,1,0.99,29.5,30.1
15,Beedrill,Poison,395,65,90,40,45,80,75,1,0.99,29.5,30.1
15,"Beedrill
Mega Beedrill",Bug,495,65,150,40,15,80,145,1,1.4,40.5,20.7
15,"Beedrill
Mega Beedrill",Poison,495,65,150,40,15,80,145,1,1.4,40.5,20.7
16,Pidgey,Normal,251,40,45,40,35,35,56,1,0.3,1.8,20
16,Pidgey,Flying,251,40,45,40,35,35,56,1,0.3,1.8,20
17,Pidgeotto,Normal,349,63,60,55,50,50,71,1,1.09,30,25.3
17,Pidgeotto,Flying,349,63,60,55,50,50,71,1,1.09,30,25.3
18,Pidgeot,Normal,479,83,80,75,70,70,101,1,1.5,39.5,17.6
18,Pidgeot,Flying,479,83,80,75,70,70,101,1,1.5,39.5,17.6
18,"Pidgeot
Mega Pidgeot",Normal,579,83,80,80,135,80,121,1,2.21,50.5,10.3
18,"Pidgeot
Mega Pidgeot",Flying,579,83,80,80,135,80,121,1,2.21,50.5,10.3
19,Rattata,Normal,253,30,56,35,25,35,72,1,0.3,3.5,38.9
20,Raticate,Normal,413,55,81,60,50,70,97,1,0.71,18.5,36.7
21,Spearow,Normal,262,40,60,30,31,31,70,1,0.3,2,22.2
21,Spearow,Flying,262,40,60,30,31,31,70,1,0.3,2,22.2
22,Fearow,Normal,442,65,90,65,61,61,100,1,1.19,38,26.8
22,Fearow,Flying,442,65,90,65,61,61,100,1,1.19,38,26.8
23,Ekans,Poison,288,35,60,44,40,54,55,1,2.01,6.9,1.7
24,Arbok,Poison,438,60,85,69,65,79,80,1,3.51,65,5.3
25,Pikachu,Electric,320,35,55,40,50,50,90,1,0.41,6,35.7
26,Raichu,Electric,485,60,90,55,90,80,110,1,0.79,30,48.1
27,Sandshrew,Ground,300,50,75,85,20,30,40,1,0.61,12,32.2
28,Sandslash,Ground,450,75,100,110,45,55,65,1,0.99,29.5,30.1
29,Nidoran♀,Poison,275,55,47,52,40,40,41,1,0.41,7,41.6
30,Nidorina,Poison,365,70,62,67,55,55,56,1,0.79,20,32
31,Nidoqueen,Poison,505,90,92,87,75,85,76,1,1.3,60,35.5
31,Nidoqueen,Ground,505,90,92,87,75,85,76,1,1.3,60,35.5
32,Nidoran♂,Poison,273,46,57,40,40,40,50,1,0.51,9,34.6
33,Nidorino,Poison,365,61,72,57,55,55,65,1,0.89,19.5,24.6
34,Nidoking,Poison,505,81,102,77,85,75,85,1,1.4,62,31.6
34,Nidoking,Ground,505,81,102,77,85,75,85,1,1.4,62,31.6
35,Clefairy,Fairy,323,70,45,48,60,65,35,1,0.61,7.5,20.2
36,Clefable,Fairy,483,95,70,73,95,90,60,1,1.3,40,23.7
37,Vulpix,Fire,299,38,41,40,50,65,65,1,0.61,9.9,26.6
38,Ninetales,Fire,505,73,76,75,81,100,100,1,1.09,19.9,16.7
39,Jigglypuff,Normal,270,115,45,20,45,25,20,1,0.51,5.5,21.1
39,Jigglypuff,Fairy,270,115,45,20,45,25,20,1,0.51,5.5,21.1
40,Wigglytuff,Normal,435,140,70,45,85,50,45,1,0.99,12,12.2
40,Wigglytuff,Fairy,435,140,70,45,85,50,45,1,0.99,12,12.2
41,Zubat,Poison,245,40,45,35,30,40,55,1,0.79,7.5,12
41,Zubat,Flying,245,40,45,35,30,40,55,1,0.79,7.5,12
42,Golbat,Poison,455,75,80,70,65,75,90,1,1.6,55,21.5
42,Golbat,Flying,455,75,80,70,65,75,90,1,1.6,55,21.5
43,Oddish,Grass,320,45,50,55,75,65,30,1,0.51,5.4,20.8
43,Oddish,Poison,320,45,50,55,75,65,30,1,0.51,5.4,20.8
44,Gloom,Grass,395,60,65,70,85,75,40,1,0.79,8.6,13.8
44,Gloom,Poison,395,60,65,70,85,75,40,1,0.79,8.6,13.8
45,Vileplume,Grass,490,75,80,85,110,90,50,1,1.19,18.6,13.1
45,Vileplume,Poison,490,75,80,85,110,90,50,1,1.19,18.6,13.1
46,Paras,Bug,285,35,70,55,45,55,25,1,0.3,5.4,60
46,Paras,Grass,285,35,70,55,45,55,25,1,0.3,5.4,60
47,Parasect,Bug,405,60,95,80,60,80,30,1,0.99,29.5,30.1
47,Parasect,Grass,405,60,95,80,60,80,30,1,0.99,29.5,30.1
48,Venonat,Bug,305,60,55,50,40,55,45,1,0.99,30,30.6
48,Venonat,Poison,305,60,55,50,40,55,45,1,0.99,30,30.6
49,Venomoth,Bug,450,70,65,60,90,75,90,1,1.5,12.5,5.6
49,Venomoth,Poison,450,70,65,60,90,75,90,1,1.5,12.5,5.6
50,Diglett,Ground,265,10,55,25,35,45,95,1,0.2,0.8,20
51,Dugtrio,Ground,405,35,80,50,50,70,120,1,0.71,33.3,66.1
52,Meowth,Normal,290,40,45,35,40,40,90,1,0.41,4.2,25
53,Persian,Normal,440,65,70,60,65,65,115,1,0.99,32,32.6
54,Psyduck,Water,320,50,52,48,65,50,55,1,0.79,19.6,31.4
55,Golduck,Water,500,80,82,78,95,80,85,1,1.7,76.6,26.5
56,Mankey,Fighting,305,40,80,35,35,45,70,1,0.51,28,107.7
57,Primeape,Fighting,455,65,105,60,60,70,95,1,0.99,32,32.6
58,Growlithe,Fire,350,55,70,45,70,50,60,1,0.71,19,37.7
59,Arcanine,Fire,555,90,110,80,100,80,95,1,1.91,155,42.5
60,Poliwag,Water,300,40,50,40,40,40,90,1,0.61,12.4,33.3
61,Poliwhirl,Water,385,65,65,65,50,50,90,1,0.99,20,20.4
62,Poliwrath,Water,510,90,95,95,70,90,70,1,1.3,54,32
62,Poliwrath,Fighting,510,90,95,95,70,90,70,1,1.3,54,32
63,Abra,Psychic,310,25,20,15,105,55,90,1,0.89,19.5,24.6
64,Kadabra,Psychic,400,40,35,30,120,70,105,1,1.3,56.5,33.4
65,Alakazam,Psychic,500,55,50,45,135,95,120,1,1.5,48,21.3
65,"Alakazam
Mega Alakazam",Psychic,590,55,50,65,175,95,150,1,1.19,48,33.9
66,Machop,Fighting,305,70,80,50,35,35,35,1,0.79,19.5,31.2
67,Machoke,Fighting,405,80,100,70,50,60,45,1,1.5,70.5,31.3
68,Machamp,Fighting,505,90,130,80,65,85,55,1,1.6,130,50.8
69,Bellsprout,Grass,300,50,75,35,70,30,40,1,0.71,4,7.9
69,Bellsprout,Poison,300,50,75,35,70,30,40,1,0.71,4,7.9
70,Weepinbell,Grass,390,65,90,50,85,45,55,1,0.99,6.4,6.5
70,Weepinbell,Poison,390,65,90,50,85,45,55,1,0.99,6.4,6.5
71,Victreebel,Grass,490,80,105,65,100,70,70,1,1.7,15.5,5.4
71,Victreebel,Poison,490,80,105,65,100,70,70,1,1.7,15.5,5.4
72,Tentacool,Water,335,40,40,35,50,100,70,1,0.89,45.5,57.4
72,Tentacool,Poison,335,40,40,35,50,100,70,1,0.89,45.5,57.4
73,Tentacruel,Water,515,80,70,65,80,120,100,1,1.6,55,21.5
73,Tentacruel,Poison,515,80,70,65,80,120,100,1,1.6,55,21.5
74,Geodude,Rock,300,40,80,100,30,30,20,1,0.41,20,119
74,Geodude,Ground,300,40,80,100,30,30,20,1,0.41,20,119
75,Graveler,Rock,390,55,95,115,45,45,35,1,0.99,105,107.1
75,Graveler,Ground,390,55,95,115,45,45,35,1,0.99,105,107.1
76,Golem,Rock,495,80,120,130,55,65,45,1,1.4,300,153.1
76,Golem,Ground,495,80,120,130,55,65,45,1,1.4,300,153.1
77,Ponyta,Fire,410,50,85,55,65,65,90,1,0.99,30,30.6
78,Rapidash,Fire,500,65,100,70,80,80,105,1,1.7,95,32.9
79,Slowpoke,Water,315,90,65,65,40,40,15,1,1.19,36,25.4
79,Slowpoke,Psychic,315,90,65,65,40,40,15,1,1.19,36,25.4
80,Slowbro,Water,490,95,75,110,100,80,30,1,1.6,78.5,30.7
80,Slowbro,Psychic,490,95,75,110,100,80,30,1,1.6,78.5,30.7
80,"Slowbro
Mega Slowbro",Water,590,95,75,180,130,80,30,1,2.01,120,29.7
80,"Slowbro
Mega Slowbro",Psychic,590,95,75,180,130,80,30,1,2.01,120,29.7
81,Magnemite,Electric,325,25,35,70,95,55,45,1,0.3,6,66.7
81,Magnemite,Steel,325,25,35,70,95,55,45,1,0.3,6,66.7
82,Magneton,Electric,465,50,60,95,120,70,70,1,0.99,60,61.2
82,Magneton,Steel,465,50,60,95,120,70,70,1,0.99,60,61.2
83,Farfetch'd,Normal,352,52,65,55,58,62,60,1,0.79,15,24
83,Farfetch'd,Flying,352,52,65,55,58,62,60,1,0.79,15,24
84,Doduo,Normal,310,35,85,45,35,35,75,1,1.4,39.2,20
84,Doduo,Flying,310,35,85,45,35,35,75,1,1.4,39.2,20
85,Dodrio,Normal,460,60,110,70,60,60,100,1,1.8,85.2,26.3
85,Dodrio,Flying,460,60,110,70,60,60,100,1,1.8,85.2,26.3
86,Seel,Water,325,65,45,55,45,70,45,1,1.09,90,75.8
87,Dewgong,Water,475,90,70,80,70,95,70,1,1.7,120,41.5
87,Dewgong,Ice,475,90,70,80,70,95,70,1,1.7,120,41.5
88,Grimer,Poison,325,80,80,50,40,50,25,1,0.89,30,37.9
89,Muk,Poison,500,105,105,75,65,100,50,1,1.19,30,21.2
90,Shellder,Water,305,30,65,100,45,25,40,1,0.3,4,44.4
91,Cloyster,Water,525,50,95,180,85,45,70,1,1.5,132.5,58.9
91,Cloyster,Ice,525,50,95,180,85,45,70,1,1.5,132.5,58.9
92,Gastly,Ghost,310,30,35,30,100,35,80,1,1.3,0.1,0.1
92,Gastly,Poison,310,30,35,30,100,35,80,1,1.3,0.1,0.1
93,Haunter,Ghost,405,45,50,45,115,55,95,1,1.6,0.1,0
93,Haunter,Poison,405,45,50,45,115,55,95,1,1.6,0.1,0
94,Gengar,Ghost,500,60,65,60,130,75,110,1,1.5,40.5,18
94,Gengar,Poison,500,60,65,60,130,75,110,1,1.5,40.5,18
94,"Gengar
Mega Gengar",Ghost,600,60,65,80,170,95,130,1,1.4,40.5,20.7
94,"Gengar
Mega Gengar",Poison,600,60,65,80,170,95,130,1,1.4,40.5,20.7
95,Onix,Rock,385,35,45,160,30,45,70,1,8.79,210,2.7
95,Onix,Ground,385,35,45,160,30,45,70,1,8.79,210,2.7
96,Drowzee,Psychic,328,60,48,45,43,90,42,1,0.99,32.4,33.1
97,Hypno,Psychic,483,85,73,70,73,115,67,1,1.6,75.6,29.5
98,Krabby,Water,325,30,105,90,25,25,50,1,0.41,6.5,38.7
99,Kingler,Water,475,55,130,115,50,50,75,1,1.3,60,35.5
100,Voltorb,Electric,330,40,30,50,55,55,100,1,0.51,10.4,40
101,Electrode,Electric,480,60,50,70,80,80,140,1,1.19,66.6,47
102,Exeggcute,Grass,325,60,40,80,60,45,40,1,0.41,2.5,14.9
102,Exeggcute,Psychic,325,60,40,80,60,45,40,1,0.41,2.5,14.9
103,Exeggutor,Grass,520,95,95,85,125,65,55,1,2.01,120,29.7
103,Exeggutor,Psychic,520,95,95,85,125,65,55,1,2.01,120,29.7
104,Cubone,Ground,320,50,50,95,40,50,35,1,0.41,6.5,38.7
105,Marowak,Ground,425,60,80,110,50,80,45,1,0.99,45,45.9
106,Hitmonlee,Fighting,455,50,120,53,35,110,87,1,1.5,49.8,22.1
107,Hitmonchan,Fighting,455,50,105,79,35,110,76,1,1.4,50.2,25.6
108,Lickitung,Normal,385,90,55,75,60,75,30,1,1.19,65.5,46.3
109,Koffing,Poison,340,40,65,95,60,45,35,1,0.61,1,2.7
110,Weezing,Poison,490,65,90,120,85,70,60,1,1.19,9.5,6.7
111,Rhyhorn,Ground,345,80,85,95,30,30,25,1,0.99,115,117.3
111,Rhyhorn,Rock,345,80,85,95,30,30,25,1,0.99,115,117.3
112,Rhydon,Ground,485,105,130,120,45,45,40,1,1.91,120,32.9
112,Rhydon,Rock,485,105,130,120,45,45,40,1,1.91,120,32.9
113,Chansey,Normal,450,250,5,5,35,105,50,1,1.09,34.6,29.1
114,Tangela,Grass,435,65,55,115,100,40,60,1,0.99,35,35.7
115,Kangaskhan,Normal,490,105,95,80,40,80,90,1,2.21,80,16.4
115,"Kangaskhan
Mega Kangaskhan",Normal,590,105,125,100,60,100,100,1,2.21,100,20.5
116,Horsea,Water,295,30,40,70,70,25,60,1,0.41,8,47.6
117,Seadra,Water,440,55,65,95,95,45,85,1,1.19,25,17.7
118,Goldeen,Water,320,45,67,60,35,50,63,1,0.61,15,40.3
119,Seaking,Water,450,80,92,65,65,80,68,1,1.3,39,23.1
120,Staryu,Water,340,30,45,55,70,55,85,1,0.79,34.5,55.3
121,Starmie,Water,520,60,75,85,100,85,115,1,1.09,80,67.3
121,Starmie,Psychic,520,60,75,85,100,85,115,1,1.09,80,67.3
122,Mr. Mime,Psychic,460,40,45,65,100,120,90,1,1.3,54.5,32.2
122,Mr. Mime,Fairy,460,40,45,65,100,120,90,1,1.3,54.5,32.2
123,Scyther,Bug,500,70,110,80,55,80,105,1,1.5,56,24.9
123,Scyther,Flying,500,70,110,80,55,80,105,1,1.5,56,24.9
124,Jynx,Ice,455,65,50,35,115,95,95,1,1.4,40.6,20.7
124,Jynx,Psychic,455,65,50,35,115,95,95,1,1.4,40.6,20.7
125,Electabuzz,Electric,490,65,83,57,95,85,105,1,1.09,30,25.3
126,Magmar,Fire,495,65,95,57,100,85,93,1,1.3,44.5,26.3
127,Pinsir,Bug,500,65,125,100,55,70,85,1,1.5,55,24.4
127,"Pinsir
Mega Pinsir",Bug,600,65,155,120,65,90,105,1,1.7,59,20.4
127,"Pinsir
Mega Pinsir",Flying,600,65,155,120,65,90,105,1,1.7,59,20.4
128,Tauros,Normal,490,75,100,95,40,70,110,1,1.4,88.4,45.1
129,Magikarp,Water,200,20,10,55,15,20,80,1,0.89,10,12.6
130,Gyarados,Water,540,95,125,79,60,100,81,1,6.5,235,5.6
130,Gyarados,Flying,540,95,125,79,60,100,81,1,6.5,235,5.6
130,"Gyarados
Mega Gyarados",Water,640,95,155,109,70,130,81,1,6.5,305,7.2
130,"Gyarados
Mega Gyarados",Dark,640,95,155,109,70,130,81,1,6.5,305,7.2
131,Lapras,Water,535,130,85,80,85,95,60,1,2.49,220,35.5
131,Lapras,Ice,535,130,85,80,85,95,60,1,2.49,220,35.5
132,Ditto,Normal,288,48,48,48,48,48,48,1,0.3,4,44.4
133,Eevee,Normal,325,55,55,50,45,65,55,1,0.3,6.5,72.2
134,Vaporeon,Water,525,130,65,60,110,95,65,1,0.99,29,29.6
135,Jolteon,Electric,525,65,65,60,110,95,130,1,0.79,24.5,39.3
136,Flareon,Fire,525,65,130,60,95,110,65,1,0.89,25,31.6
137,Porygon,Normal,395,65,60,70,85,75,40,1,0.79,36.5,58.5
138,Omanyte,Rock,355,35,40,100,90,55,35,1,0.41,7.5,44.6
138,Omanyte,Water,355,35,40,100,90,55,35,1,0.41,7.5,44.6
139,Omastar,Rock,495,70,60,125,115,70,55,1,0.99,35,35.7
139,Omastar,Water,495,70,60,125,115,70,55,1,0.99,35,35.7
140,Kabuto,Rock,355,30,80,90,55,45,55,1,0.51,11.5,44.2
140,Kabuto,Water,355,30,80,90,55,45,55,1,0.51,11.5,44.2
141,Kabutops,Rock,495,60,115,105,65,70,80,1,1.3,40.5,24
141,Kabutops,Water,495,60,115,105,65,70,80,1,1.3,40.5,24
142,Aerodactyl,Rock,515,80,105,65,60,75,130,1,1.8,59,18.2
142,Aerodactyl,Flying,515,80,105,65,60,75,130,1,1.8,59,18.2
142,"Aerodactyl
Mega Aerodactyl",Rock,615,80,135,85,70,95,150,1,2.11,79,17.7
142,"Aerodactyl
Mega Aerodactyl",Flying,615,80,135,85,70,95,150,1,2.11,79,17.7
143,Snorlax,Normal,540,160,110,65,65,110,30,1,2.11,460,103.3
144,Articuno,Ice,580,90,85,100,95,125,85,1,1.7,55.4,19.2
144,Articuno,Flying,580,90,85,100,95,125,85,1,1.7,55.4,19.2
145,Zapdos,Electric,580,90,90,85,125,90,100,1,1.6,52.6,20.5
145,Zapdos,Flying,580,90,90,85,125,90,100,1,1.6,52.6,20.5
146,Moltres,Fire,580,90,100,90,125,85,90,1,2.01,60,14.9
146,Moltres,Flying,580,90,100,90,125,85,90,1,2.01,60,14.9
147,Dratini,Dragon,300,41,64,45,50,50,50,1,1.8,3.3,1
148,Dragonair,Dragon,420,61,84,65,70,70,70,1,3.99,16.5,1
149,Dragonite,Dragon,600,91,134,95,100,100,80,1,2.21,210,43
149,Dragonite,Flying,600,91,134,95,100,100,80,1,2.21,210,43
150,Mewtwo,Psychic,680,106,110,90,154,90,130,1,2.01,122,30.2
150,"Mewtwo
Mega Mewtwo X",Psychic,780,106,190,100,154,100,130,1,2.31,127,23.8
150,"Mewtwo
Mega Mewtwo X",Fighting,780,106,190,100,154,100,130,1,2.31,127,23.8
150,"Mewtwo
Mega Mewtwo Y",Psychic,780,106,150,70,194,120,140,1,1.5,33,14.7
151,Mew,Psychic,600,100,100,100,100,100,100,1,0.41,4,23.8
152,Chikorita,Grass,318,45,49,65,49,65,45,2,0.89,6.4,8.1
153,Bayleef,Grass,405,60,62,80,63,80,60,2,1.19,15.8,11.2
154,Meganium,Grass,525,80,82,100,83,100,80,2,1.8,100.5,31
155,Cyndaquil,Fire,309,39,52,43,60,50,65,2,0.51,7.9,30.4
156,Quilava,Fire,405,58,64,58,80,65,80,2,0.89,19,24
157,Typhlosion,Fire,534,78,84,78,109,85,100,2,1.7,79.5,27.5
158,Totodile,Water,314,50,65,64,44,48,43,2,0.61,9.5,25.5
159,Croconaw,Water,405,65,80,80,59,63,58,2,1.09,25,21
160,Feraligatr,Water,530,85,105,100,79,83,78,2,2.31,88.8,16.6
161,Sentret,Normal,215,35,46,34,35,45,20,2,0.79,6,9.6
162,Furret,Normal,415,85,76,64,45,55,90,2,1.8,32.5,10
163,Hoothoot,Normal,262,60,30,30,36,56,50,2,0.71,21.2,42.1
163,Hoothoot,Flying,262,60,30,30,36,56,50,2,0.71,21.2,42.1
164,Noctowl,Normal,442,100,50,50,76,96,70,2,1.6,40.8,15.9
164,Noctowl,Flying,442,100,50,50,76,96,70,2,1.6,40.8,15.9
165,Ledyba,Bug,265,40,20,30,40,80,55,2,0.99,10.8,11
165,Ledyba,Flying,265,40,20,30,40,80,55,2,0.99,10.8,11
166,Ledian,Bug,390,55,35,50,55,110,85,2,1.4,35.6,18.2
166,Ledian,Flying,390,55,35,50,55,110,85,2,1.4,35.6,18.2
167,Spinarak,Bug,250,40,60,40,40,40,30,2,0.51,8.5,32.7
167,Spinarak,Poison,250,40,60,40,40,40,30,2,0.51,8.5,32.7
168,Ariados,Bug,390,70,90,70,60,60,40,2,1.09,33.5,28.2
168,Ariados,Poison,390,70,90,70,60,60,40,2,1.09,33.5,28.2
169,Crobat,Poison,535,85,90,80,70,80,130,2,1.8,75,23.1
169,Crobat,Flying,535,85,90,80,70,80,130,2,1.8,75,23.1
170,Chinchou,Water,330,75,38,38,56,56,67,2,0.51,12,46.1
170,Chinchou,Electric,330,75,38,38,56,56,67,2,0.51,12,46.1
171,Lanturn,Water,460,125,58,58,76,76,67,2,1.19,22.5,15.9
171,Lanturn,Electric,460,125,58,58,76,76,67,2,1.19,22.5,15.9
172,Pichu,Electric,205,20,40,15,35,35,60,2,0.3,2,22.2
173,Cleffa,Fairy,218,50,25,28,45,55,15,2,0.3,3,33.3
174,Igglybuff,Normal,210,90,30,15,40,20,15,2,0.3,1,11.1
174,Igglybuff,Fairy,210,90,30,15,40,20,15,2,0.3,1,11.1
175,Togepi,Fairy,245,35,20,65,40,65,20,2,0.3,1.5,16.7
176,Togetic,Fairy,405,55,40,85,80,105,40,2,0.61,3.2,8.6
176,Togetic,Flying,405,55,40,85,80,105,40,2,0.61,3.2,8.6
177,Natu,Psychic,320,40,50,45,70,45,70,2,0.2,2,50
177,Natu,Flying,320,40,50,45,70,45,70,2,0.2,2,50
178,Xatu,Psychic,470,65,75,70,95,70,95,2,1.5,15,6.7
178,Xatu,Flying,470,65,75,70,95,70,95,2,1.5,15,6.7
179,Mareep,Electric,280,55,40,40,65,45,35,2,0.61,7.8,21
180,Flaaffy,Electric,365,70,55,55,80,60,45,2,0.79,13.3,21.3
181,Ampharos,Electric,510,90,75,85,115,90,55,2,1.4,61.5,31.4
181,"Ampharos
Mega Ampharos",Electric,610,90,95,105,165,110,45,2,1.4,61.5,31.4
181,"Ampharos
Mega Ampharos",Dragon,610,90,95,105,165,110,45,2,1.4,61.5,31.4
182,Bellossom,Grass,490,75,80,95,90,100,50,2,0.41,5.8,34.5
183,Marill,Water,250,70,20,50,20,50,40,2,0.41,8.5,50.6
183,Marill,Fairy,250,70,20,50,20,50,40,2,0.41,8.5,50.6
184,Azumarill,Water,420,100,50,80,60,80,50,2,0.79,28.5,45.7
184,Azumarill,Fairy,420,100,50,80,60,80,50,2,0.79,28.5,45.7
185,Sudowoodo,Rock,410,70,100,115,30,65,30,2,1.19,38,26.8
186,Politoed,Water,500,90,75,75,90,100,70,2,1.09,33.9,28.5
187,Hoppip,Grass,250,35,35,40,35,55,50,2,0.41,0.5,3
187,Hoppip,Flying,250,35,35,40,35,55,50,2,0.41,0.5,3
188,Skiploom,Grass,340,55,45,50,45,65,80,2,0.61,1,2.7
188,Skiploom,Flying,340,55,45,50,45,65,80,2,0.61,1,2.7
189,Jumpluff,Grass,460,75,55,70,55,95,110,2,0.79,3,4.8
189,Jumpluff,Flying,460,75,55,70,55,95,110,2,0.79,3,4.8
190,Aipom,Normal,360,55,70,55,40,55,85,2,0.79,11.5,18.4
191,Sunkern,Grass,180,30,30,30,30,30,30,2,0.3,1.8,20
192,Sunflora,Grass,425,75,75,55,105,85,30,2,0.79,8.5,13.6
193,Yanma,Bug,390,65,65,45,75,45,95,2,1.19,38,26.8
193,Yanma,Flying,390,65,65,45,75,45,95,2,1.19,38,26.8
194,Wooper,Water,210,55,45,45,25,25,15,2,0.41,8.5,50.6
194,Wooper,Ground,210,55,45,45,25,25,15,2,0.41,8.5,50.6
195,Quagsire,Water,430,95,85,85,65,65,35,2,1.4,75,38.3
195,Quagsire,Ground,430,95,85,85,65,65,35,2,1.4,75,38.3
196,Espeon,Psychic,525,65,65,60,130,95,110,2,0.89,26.5,33.5
197,Umbreon,Dark,525,95,65,110,60,130,65,2,0.99,27,27.5
198,Murkrow,Dark,405,60,85,42,85,42,91,2,0.51,2.1,8.1
198,Murkrow,Flying,405,60,85,42,85,42,91,2,0.51,2.1,8.1
199,Slowking,Water,490,95,75,80,100,110,30,2,2.01,79.5,19.7
199,Slowking,Psychic,490,95,75,80,100,110,30,2,2.01,79.5,19.7
200,Misdreavus,Ghost,435,60,60,60,85,85,85,2,0.71,1,2
201,Unown,Psychic,336,48,72,48,72,48,48,2,0.51,5,19.2
202,Wobbuffet,Psychic,405,190,33,58,33,58,33,2,1.3,28.5,16.9
203,Girafarig,Normal,455,70,80,65,90,65,85,2,1.5,41.5,18.4
203,Girafarig,Psychic,455,70,80,65,90,65,85,2,1.5,41.5,18.4
204,Pineco,Bug,290,50,65,90,35,35,15,2,0.61,7.2,19.3
205,Forretress,Bug,465,75,90,140,60,60,40,2,1.19,125.8,88.8
205,Forretress,Steel,465,75,90,140,60,60,40,2,1.19,125.8,88.8
206,Dunsparce,Normal,415,100,70,70,65,65,45,2,1.5,14,6.2
207,Gligar,Ground,430,65,75,105,35,65,85,2,1.09,64.8,54.5
207,Gligar,Flying,430,65,75,105,35,65,85,2,1.09,64.8,54.5
208,Steelix,Steel,510,75,85,200,55,65,30,2,9.19,400,4.7
208,Steelix,Ground,510,75,85,200,55,65,30,2,9.19,400,4.7
208,"Steelix
Mega Steelix",Steel,610,75,125,230,55,95,30,2,10.49,740,6.7
208,"Steelix
Mega Steelix",Ground,610,75,125,230,55,95,30,2,10.49,740,6.7
209,Snubbull,Fairy,300,60,80,50,40,40,30,2,0.61,7.8,21
210,Granbull,Fairy,450,90,120,75,60,60,45,2,1.4,48.7,24.8
211,Qwilfish,Water,430,65,95,75,55,55,85,2,0.51,3.9,15
211,Qwilfish,Poison,430,65,95,75,55,55,85,2,0.51,3.9,15
212,Scizor,Bug,500,70,130,100,55,80,65,2,1.8,118,36.4
212,Scizor,Steel,500,70,130,100,55,80,65,2,1.8,118,36.4
212,"Scizor
Mega Scizor",Bug,600,70,150,140,65,100,75,2,2.01,125,30.9
212,"Scizor
Mega Scizor",Steel,600,70,150,140,65,100,75,2,2.01,125,30.9
213,Shuckle,Bug,505,20,10,230,10,230,5,2,0.61,20.5,55.1
213,Shuckle,Rock,505,20,10,230,10,230,5,2,0.61,20.5,55.1
214,Heracross,Bug,500,80,125,75,40,95,85,2,1.5,54,24
214,Heracross,Fighting,500,80,125,75,40,95,85,2,1.5,54,24
214,"Heracross
Mega Heracross",Bug,600,80,185,115,40,105,75,2,1.7,62.5,21.6
214,"Heracross
Mega Heracross",Fighting,600,80,185,115,40,105,75,2,1.7,62.5,21.6
215,Sneasel,Dark,430,55,95,55,35,75,115,2,0.89,28,35.3
215,Sneasel,Ice,430,55,95,55,35,75,115,2,0.89,28,35.3
216,Teddiursa,Normal,330,60,80,50,50,50,40,2,0.61,8.8,23.6
217,Ursaring,Normal,500,90,130,75,75,75,55,2,1.8,125.8,38.8
218,Slugma,Fire,250,40,40,40,70,40,20,2,0.71,35,69.4
219,Magcargo,Fire,410,50,50,120,80,80,30,2,0.79,55,88.1
219,Magcargo,Rock,410,50,50,120,80,80,30,2,0.79,55,88.1
220,Swinub,Ice,250,50,50,40,30,30,50,2,0.41,6.5,38.7
220,Swinub,Ground,250,50,50,40,30,30,50,2,0.41,6.5,38.7
221,Piloswine,Ice,450,100,100,80,60,60,50,2,1.09,55.8,47
221,Piloswine,Ground,450,100,100,80,60,60,50,2,1.09,55.8,47
222,Corsola,Water,380,55,55,85,65,85,35,2,0.61,5,13.4
222,Corsola,Rock,380,55,55,85,65,85,35,2,0.61,5,13.4
223,Remoraid,Water,300,35,65,35,65,35,65,2,0.61,12,32.2
224,Octillery,Water,480,75,105,75,105,75,45,2,0.89,28.5,36
225,Delibird,Ice,330,45,55,45,65,45,75,2,0.89,16,20.2
225,Delibird,Flying,330,45,55,45,65,45,75,2,0.89,16,20.2
226,Mantine,Water,465,65,40,70,80,140,70,2,2.11,220,49.4
226,Mantine,Flying,465,65,40,70,80,140,70,2,2.11,220,49.4
227,Skarmory,Steel,465,65,80,140,40,70,70,2,1.7,50.5,17.5
227,Skarmory,Flying,465,65,80,140,40,70,70,2,1.7,50.5,17.5
228,Houndour,Dark,330,45,60,30,80,50,65,2,0.61,10.8,29
228,Houndour,Fire,330,45,60,30,80,50,65,2,0.61,10.8,29
229,Houndoom,Dark,500,75,90,50,110,80,95,2,1.4,35,17.9
229,Houndoom,Fire,500,75,90,50,110,80,95,2,1.4,35,17.9
229,"Houndoom
Mega Houndoom",Dark,600,75,90,90,140,90,115,2,1.91,49.5,13.6
229,"Houndoom
Mega Houndoom",Fire,600,75,90,90,140,90,115,2,1.91,49.5,13.6
230,Kingdra,Water,540,75,95,95,95,95,85,2,1.8,152,46.9
230,Kingdra,Dragon,540,75,95,95,95,95,85,2,1.8,152,46.9
231,Phanpy,Ground,330,90,60,60,40,40,40,2,0.51,33.5,128.8
232,Donphan,Ground,500,90,120,120,60,60,50,2,1.09,120,101
233,Porygon2,Normal,515,85,80,90,105,95,60,2,0.61,32.5,87.3
234,Stantler,Normal,465,73,95,62,85,65,85,2,1.4,71.2,36.3
235,Smeargle,Normal,250,55,20,35,20,45,75,2,1.19,58,41
236,Tyrogue,Fighting,210,35,35,35,35,35,35,2,0.71,21,41.7
237,Hitmontop,Fighting,455,50,95,95,35,110,70,2,1.4,48,24.5
238,Smoochum,Ice,305,45,30,15,85,65,65,2,0.41,6,35.7
238,Smoochum,Psychic,305,45,30,15,85,65,65,2,0.41,6,35.7
239,Elekid,Electric,360,45,63,37,65,55,95,2,0.61,23.5,63.2
240,Magby,Fire,365,45,75,37,70,55,83,2,0.71,21.4,42.5
241,Miltank,Normal,490,95,80,105,40,70,100,2,1.19,75.5,53.3
242,Blissey,Normal,540,255,10,10,75,135,55,2,1.5,46.8,20.8
243,Raikou,Electric,580,90,85,75,115,100,115,2,1.91,178,48.8
244,Entei,Fire,580,115,115,85,90,75,100,2,2.11,198,44.5
245,Suicune,Water,580,100,75,115,90,115,85,2,2.01,187,46.3
246,Larvitar,Rock,300,50,64,50,45,50,41,2,0.61,72,193.5
246,Larvitar,Ground,300,50,64,50,45,50,41,2,0.61,72,193.5
247,Pupitar,Rock,410,70,84,70,65,70,51,2,1.19,152,107.3
247,Pupitar,Ground,410,70,84,70,65,70,51,2,1.19,152,107.3
248,Tyranitar,Rock,600,100,134,110,95,100,61,2,2.01,202,50
248,Tyranitar,Dark,600,100,134,110,95,100,61,2,2.01,202,50
248,"Tyranitar
Mega Tyranitar",Rock,700,100,164,150,95,120,71,2,2.49,255,41.1
248,"Tyranitar
Mega Tyranitar",Dark,700,100,164,150,95,120,71,2,2.49,255,41.1
249,Lugia,Psychic,680,106,90,130,90,154,110,2,5.21,216,8
249,Lugia,Flying,680,106,90,130,90,154,110,2,5.21,216,8
250,Ho-oh,Fire,680,106,130,90,110,154,90,2,3.81,199,13.7
250,Ho-oh,Flying,680,106,130,90,110,154,90,2,3.81,199,13.7
251,Celebi,Psychic,600,100,100,100,100,100,100,2,0.61,5,13.4
251,Celebi,Grass,600,100,100,100,100,100,100,2,0.61,5,13.4
252,Treecko,Grass,310,40,45,35,65,55,70,3,0.51,5,19.2
253,Grovyle,Grass,405,50,65,45,85,65,95,3,0.89,21.6,27.3
254,Sceptile,Grass,530,70,85,65,105,85,120,3,1.7,52.2,18.1
254,"Sceptile
Mega Sceptile",Grass,630,70,110,75,145,85,145,3,1.91,55.2,15.1
254,"Sceptile
Mega Sceptile",Dragon,630,70,110,75,145,85,145,3,1.91,55.2,15.1
255,Torchic,Fire,310,45,60,40,70,50,45,3,0.41,2.5,14.9
256,Combusken,Fire,405,60,85,60,85,60,55,3,0.89,19.5,24.6
256,Combusken,Fighting,405,60,85,60,85,60,55,3,0.89,19.5,24.6
257,Blaziken,Fire,530,80,120,70,110,70,80,3,1.91,52,14.3
257,Blaziken,Fighting,530,80,120,70,110,70,80,3,1.91,52,14.3
257,"Blaziken
Mega Blaziken",Fire,630,80,160,80,130,80,100,3,1.91,52,14.3
257,"Blaziken
Mega Blaziken",Fighting,630,80,160,80,130,80,100,3,1.91,52,14.3
258,Mudkip,Water,310,50,70,50,50,50,40,3,0.41,7.6,45.2
259,Marshtomp,Water,405,70,85,70,60,70,50,3,0.71,28,55.5
259,Marshtomp,Ground,405,70,85,70,60,70,50,3,0.71,28,55.5
260,Swampert,Water,535,100,110,90,85,90,60,3,1.5,81.9,36.4
260,Swampert,Ground,535,100,110,90,85,90,60,3,1.5,81.9,36.4
260,"Swampert
Mega Swampert",Water,635,100,150,110,95,110,70,3,1.91,102,28
260,"Swampert
Mega Swampert",Ground,635,100,150,110,95,110,70,3,1.91,102,28
261,Poochyena,Dark,220,35,55,35,30,30,35,3,0.51,13.6,52.3
262,Mightyena,Dark,420,70,90,70,60,60,70,3,0.99,37,37.8
263,Zigzagoon,Normal,240,38,30,41,30,41,60,3,0.41,17.5,104.1
264,Linoone,Normal,420,78,70,61,50,61,100,3,0.51,32.5,125
265,Wurmple,Bug,195,45,45,35,20,30,20,3,0.3,3.6,40
266,Silcoon,Bug,205,50,35,55,25,25,15,3,0.61,10,26.9
267,Beautifly,Bug,395,60,70,50,100,50,65,3,0.99,28.4,29
267,Beautifly,Flying,395,60,70,50,100,50,65,3,0.99,28.4,29
268,Cascoon,Bug,205,50,35,55,25,25,15,3,0.71,11.5,22.8
269,Dustox,Bug,385,60,50,70,50,90,65,3,1.19,31.6,22.3
269,Dustox,Poison,385,60,50,70,50,90,65,3,1.19,31.6,22.3
270,Lotad,Water,220,40,30,30,40,50,30,3,0.51,2.6,10
270,Lotad,Grass,220,40,30,30,40,50,30,3,0.51,2.6,10
271,Lombre,Water,340,60,50,50,60,70,50,3,1.19,32.5,23
271,Lombre,Grass,340,60,50,50,60,70,50,3,1.19,32.5,23
272,Ludicolo,Water,480,80,70,70,90,100,70,3,1.5,55,24.4
272,Ludicolo,Grass,480,80,70,70,90,100,70,3,1.5,55,24.4
273,Seedot,Grass,220,40,40,50,30,30,30,3,0.51,4,15.4
274,Nuzleaf,Grass,340,70,70,40,60,40,60,3,0.99,28,28.6
274,Nuzleaf,Dark,340,70,70,40,60,40,60,3,0.99,28,28.6
275,Shiftry,Grass,480,90,100,60,90,60,80,3,1.3,59.6,35.3
275,Shiftry,Dark,480,90,100,60,90,60,80,3,1.3,59.6,35.3
276,Taillow,Normal,270,40,55,30,30,30,85,3,0.3,2.3,25.6
276,Taillow,Flying,270,40,55,30,30,30,85,3,0.3,2.3,25.6
277,Swellow,Normal,430,60,85,60,50,50,125,3,0.71,19.8,39.3
277,Swellow,Flying,430,60,85,60,50,50,125,3,0.71,19.8,39.3
278,Wingull,Water,270,40,30,30,55,30,85,3,0.61,9.5,25.5
278,Wingull,Flying,270,40,30,30,55,30,85,3,0.61,9.5,25.5
279,Pelipper,Water,430,60,50,100,85,70,65,3,1.19,28,19.8
279,Pelipper,Flying,430,60,50,100,85,70,65,3,1.19,28,19.8
280,Ralts,Psychic,198,28,25,25,45,35,40,3,0.41,6.6,39.3
280,Ralts,Fairy,198,28,25,25,45,35,40,3,0.41,6.6,39.3
281,Kirlia,Psychic,278,38,35,35,65,55,50,3,0.79,20.2,32.4
281,Kirlia,Fairy,278,38,35,35,65,55,50,3,0.79,20.2,32.4
282,Gardevoir,Psychic,518,68,65,65,125,115,80,3,1.6,48.4,18.9
282,Gardevoir,Fairy,518,68,65,65,125,115,80,3,1.6,48.4,18.9
282,"Gardevoir
Mega Gardevoir",Psychic,618,68,85,65,165,135,100,3,1.6,48.4,18.9
282,"Gardevoir
Mega Gardevoir",Fairy,618,68,85,65,165,135,100,3,1.6,48.4,18.9
283,Surskit,Bug,269,40,30,32,50,52,65,3,0.51,1.7,6.5
283,Surskit,Water,269,40,30,32,50,52,65,3,0.51,1.7,6.5
284,Masquerain,Bug,414,70,60,62,80,82,60,3,0.79,3.6,5.8
284,Masquerain,Flying,414,70,60,62,80,82,60,3,0.79,3.6,5.8
285,Shroomish,Grass,295,60,40,60,40,60,35,3,0.41,4.5,26.8
286,Breloom,Grass,460,60,130,80,60,60,70,3,1.19,39.2,27.7
286,Breloom,Fighting,460,60,130,80,60,60,70,3,1.19,39.2,27.7
287,Slakoth,Normal,280,60,60,60,35,35,30,3,0.79,24,38.5
288,Vigoroth,Normal,440,80,80,80,55,55,90,3,1.4,46.5,23.7
289,Slaking,Normal,670,150,160,100,95,65,100,3,2.01,130.5,32.3
290,Nincada,Bug,266,31,45,90,30,30,40,3,0.51,5.5,21.1
290,Nincada,Ground,266,31,45,90,30,30,40,3,0.51,5.5,21.1
291,Ninjask,Bug,456,61,90,45,50,50,160,3,0.79,12,19.2
291,Ninjask,Flying,456,61,90,45,50,50,160,3,0.79,12,19.2
292,Shedinja,Bug,236,1,90,45,30,30,40,3,0.79,1.2,1.9
292,Shedinja,Ghost,236,1,90,45,30,30,40,3,0.79,1.2,1.9
293,Whismur,Normal,240,64,51,23,51,23,28,3,0.61,16.3,43.8
294,Loudred,Normal,360,84,71,43,71,43,48,3,0.99,40.5,41.3
295,Exploud,Normal,490,104,91,63,91,73,68,3,1.5,84,37.3
296,Makuhita,Fighting,237,72,60,30,20,30,25,3,0.99,86.4,88.2
297,Hariyama,Fighting,474,144,120,60,40,60,50,3,2.31,253.8,47.6
298,Azurill,Normal,190,50,20,40,20,40,20,3,0.2,2,50
298,Azurill,Fairy,190,50,20,40,20,40,20,3,0.2,2,50
299,Nosepass,Rock,375,30,45,135,45,90,30,3,0.99,97,99
300,Skitty,Normal,260,50,45,45,35,35,50,3,0.61,11,29.6
301,Delcatty,Normal,380,70,65,65,55,55,70,3,1.09,32.6,27.4
302,Sableye,Dark,380,50,75,75,65,65,50,3,0.51,11,42.3
302,Sableye,Ghost,380,50,75,75,65,65,50,3,0.51,11,42.3
302,"Sableye
Mega Sableye",Dark,480,50,85,125,85,115,20,3,0.51,161,619
302,"Sableye
Mega Sableye",Ghost,480,50,85,125,85,115,20,3,0.51,161,619
303,Mawile,Steel,380,50,85,85,55,55,50,3,0.61,11.5,30.9
303,Mawile,Fairy,380,50,85,85,55,55,50,3,0.61,11.5,30.9
303,"Mawile
Mega Mawile",Steel,480,50,105,125,55,95,50,3,0.99,23.5,24
303,"Mawile
Mega Mawile",Fairy,480,50,105,125,55,95,50,3,0.99,23.5,24
304,Aron,Steel,330,50,70,100,40,40,30,3,0.41,60,356.9
304,Aron,Rock,330,50,70,100,40,40,30,3,0.41,60,356.9
305,Lairon,Steel,430,60,90,140,50,50,40,3,0.89,120,151.5
305,Lairon,Rock,430,60,90,140,50,50,40,3,0.89,120,151.5
306,Aggron,Steel,530,70,110,180,60,60,50,3,2.11,360,80.9
306,Aggron,Rock,530,70,110,180,60,60,50,3,2.11,360,80.9
306,"Aggron
Mega Aggron",Steel,630,70,140,230,60,80,50,3,2.21,395,80.9
307,Meditite,Fighting,280,30,40,55,40,55,60,3,0.61,11.2,30.1
307,Meditite,Psychic,280,30,40,55,40,55,60,3,0.61,11.2,30.1
308,Medicham,Fighting,410,60,60,75,60,75,80,3,1.3,31.5,18.6
308,Medicham,Psychic,410,60,60,75,60,75,80,3,1.3,31.5,18.6
308,"Medicham
Mega Medicham",Fighting,510,60,100,85,80,85,100,3,1.3,31.5,18.6
308,"Medicham
Mega Medicham",Psychic,510,60,100,85,80,85,100,3,1.3,31.5,18.6
309,Electrike,Electric,295,40,45,40,65,40,65,3,0.61,15.2,40.8
310,Manectric,Electric,475,70,75,60,105,60,105,3,1.5,40.2,17.9
310,"Manectric
Mega Manectric",Electric,575,70,75,80,135,80,135,3,1.8,44,13.6
311,Plusle,Electric,405,60,50,40,85,75,95,3,0.41,4.2,25
312,Minun,Electric,405,60,40,50,75,85,95,3,0.41,4.2,25
313,Volbeat,Bug,400,65,73,55,47,75,85,3,0.71,17.7,35.1
314,Illumise,Bug,400,65,47,55,73,75,85,3,0.61,17.7,47.6
315,Roselia,Grass,400,50,60,45,100,80,65,3,0.3,2,22.2
315,Roselia,Poison,400,50,60,45,100,80,65,3,0.3,2,22.2
316,Gulpin,Poison,302,70,43,53,43,53,40,3,0.41,10.3,61.3
317,Swalot,Poison,467,100,73,83,73,83,55,3,1.7,80,27.7
318,Carvanha,Water,305,45,90,20,65,20,65,3,0.79,20.8,33.3
318,Carvanha,Dark,305,45,90,20,65,20,65,3,0.79,20.8,33.3
319,Sharpedo,Water,460,70,120,40,95,40,95,3,1.8,88.8,27.4
319,Sharpedo,Dark,460,70,120,40,95,40,95,3,1.8,88.8,27.4
319,"Sharpedo
Mega Sharpedo",Water,560,70,140,70,110,65,105,3,2.49,130.3,21
319,"Sharpedo
Mega Sharpedo",Dark,560,70,140,70,110,65,105,3,2.49,130.3,21
320,Wailmer,Water,400,130,70,35,70,35,60,3,2.01,130,32.2
321,Wailord,Water,500,170,90,45,90,45,60,3,14.5,398,1.9
322,Numel,Fire,305,60,60,40,65,45,35,3,0.71,24,47.6
322,Numel,Ground,305,60,60,40,65,45,35,3,0.71,24,47.6
323,Camerupt,Fire,460,70,100,70,105,75,40,3,1.91,220,60.3
323,Camerupt,Ground,460,70,100,70,105,75,40,3,1.91,220,60.3
323,"Camerupt
Mega Camerupt",Fire,560,70,120,100,145,105,20,3,2.49,320.5,51.7
323,"Camerupt
Mega Camerupt",Ground,560,70,120,100,145,105,20,3,2.49,320.5,51.7
324,Torkoal,Fire,470,70,85,140,85,70,20,3,0.51,80.4,309.1
325,Spoink,Psychic,330,60,25,35,70,80,60,3,0.71,30.6,60.7
326,Grumpig,Psychic,470,80,45,65,90,110,80,3,0.89,71.5,90.3
327,Spinda,Normal,360,60,60,60,60,60,60,3,1.09,5,4.2
328,Trapinch,Ground,290,45,100,45,45,45,10,3,0.71,15,29.8
329,Vibrava,Ground,340,50,70,50,50,50,70,3,1.09,15.3,12.9
329,Vibrava,Dragon,340,50,70,50,50,50,70,3,1.09,15.3,12.9
330,Flygon,Ground,520,80,100,80,80,80,100,3,2.01,82,20.3
330,Flygon,Dragon,520,80,100,80,80,80,100,3,2.01,82,20.3
331,Cacnea,Grass,335,50,85,40,85,40,35,3,0.41,51.3,305.2
332,Cacturne,Grass,475,70,115,60,115,60,55,3,1.3,77.4,45.8
332,Cacturne,Dark,475,70,115,60,115,60,55,3,1.3,77.4,45.8
333,Swablu,Normal,310,45,40,60,40,75,50,3,0.41,1.2,7.1
333,Swablu,Flying,310,45,40,60,40,75,50,3,0.41,1.2,7.1
334,Altaria,Dragon,490,75,70,90,70,105,80,3,1.09,20.6,17.3
334,Altaria,Flying,490,75,70,90,70,105,80,3,1.09,20.6,17.3
334,"Altaria
Mega Altaria",Dragon,590,75,110,110,110,105,80,3,1.5,20.6,9.2
334,"Altaria
Mega Altaria",Fairy,590,75,110,110,110,105,80,3,1.5,20.6,9.2
335,Zangoose,Normal,458,73,115,60,60,60,90,3,1.3,40.3,23.8
336,Seviper,Poison,458,73,100,60,100,60,65,3,2.69,52.5,7.3
337,Lunatone,Rock,440,70,55,65,95,85,70,3,0.99,168,171.4
337,Lunatone,Psychic,440,70,55,65,95,85,70,3,0.99,168,171.4
338,Solrock,Rock,440,70,95,85,55,65,70,3,1.19,154,108.7
338,Solrock,Psychic,440,70,95,85,55,65,70,3,1.19,154,108.7
339,Barboach,Water,288,50,48,43,46,41,60,3,0.41,1.9,11.3
339,Barboach,Ground,288,50,48,43,46,41,60,3,0.41,1.9,11.3
340,Whiscash,Water,468,110,78,73,76,71,60,3,0.89,23.6,29.8
340,Whiscash,Ground,468,110,78,73,76,71,60,3,0.89,23.6,29.8
341,Corphish,Water,308,43,80,65,50,35,35,3,0.61,11.5,30.9
342,Crawdaunt,Water,468,63,120,85,90,55,55,3,1.09,32.8,27.6
342,Crawdaunt,Dark,468,63,120,85,90,55,55,3,1.09,32.8,27.6
343,Baltoy,Ground,300,40,40,55,40,70,55,3,0.51,21.5,82.7
343,Baltoy,Psychic,300,40,40,55,40,70,55,3,0.51,21.5,82.7
344,Claydol,Ground,500,60,70,105,70,120,75,3,1.5,108,48
344,Claydol,Psychic,500,60,70,105,70,120,75,3,1.5,108,48
345,Lileep,Rock,355,66,41,77,61,87,23,3,0.99,23.8,24.3
345,Lileep,Grass,355,66,41,77,61,87,23,3,0.99,23.8,24.3
346,Cradily,Rock,495,86,81,97,81,107,43,3,1.5,60.4,26.8
346,Cradily,Grass,495,86,81,97,81,107,43,3,1.5,60.4,26.8
347,Anorith,Rock,355,45,95,50,40,50,75,3,0.71,12.5,24.8
347,Anorith,Bug,355,45,95,50,40,50,75,3,0.71,12.5,24.8
348,Armaldo,Rock,495,75,125,100,70,80,45,3,1.5,68.2,30.3
348,Armaldo,Bug,495,75,125,100,70,80,45,3,1.5,68.2,30.3
349,Feebas,Water,200,20,15,20,10,55,80,3,0.61,7.4,19.9
350,Milotic,Water,540,95,60,79,100,125,81,3,6.2,162,4.2
351,Castform,Normal,420,70,70,70,70,70,70,3,0.3,0.8,8.9
352,Kecleon,Normal,440,60,90,70,60,120,40,3,0.99,22,22.4
353,Shuppet,Ghost,295,44,75,35,63,33,45,3,0.61,2.3,6.2
354,Banette,Ghost,455,64,115,65,83,63,65,3,1.09,12.5,10.5
354,"Banette
Mega Banette",Ghost,555,64,165,75,93,83,75,3,1.19,13,9.2
355,Duskull,Ghost,295,20,40,90,30,90,25,3,0.79,15,24
356,Dusclops,Ghost,455,40,70,130,60,130,25,3,1.6,30.6,12
357,Tropius,Grass,460,99,68,83,72,87,51,3,2.01,100,24.8
357,Tropius,Flying,460,99,68,83,72,87,51,3,2.01,100,24.8
358,Chimecho,Psychic,425,65,50,70,95,80,65,3,0.61,1,2.7
359,Absol,Dark,465,65,130,60,75,60,75,3,1.19,47,33.2
359,"Absol
Mega Absol",Dark,565,65,150,60,115,60,115,3,1.19,49,34.6
360,Wynaut,Psychic,260,95,23,48,23,48,23,3,0.61,14,37.6
361,Snorunt,Ice,300,50,50,50,50,50,50,3,0.71,16.8,33.3
362,Glalie,Ice,480,80,80,80,80,80,80,3,1.5,256.5,114
362,"Glalie
Mega Glalie",Ice,580,80,120,80,120,80,100,3,2.11,350.2,78.7
363,Spheal,Ice,290,70,40,50,55,50,25,3,0.79,39.5,63.3
363,Spheal,Water,290,70,40,50,55,50,25,3,0.79,39.5,63.3
364,Sealeo,Ice,410,90,60,70,75,70,45,3,1.09,87.6,73.7
364,Sealeo,Water,410,90,60,70,75,70,45,3,1.09,87.6,73.7
365,Walrein,Ice,530,110,80,90,95,90,65,3,1.4,150.6,76.8
365,Walrein,Water,530,110,80,90,95,90,65,3,1.4,150.6,76.8
366,Clamperl,Water,345,35,64,85,74,55,32,3,0.41,52.5,312.3
367,Huntail,Water,485,55,104,105,94,75,52,3,1.7,27,9.3
368,Gorebyss,Water,485,55,84,105,114,75,52,3,1.8,22.6,7
369,Relicanth,Water,485,100,90,130,45,65,55,3,0.99,23.4,23.9
369,Relicanth,Rock,485,100,90,130,45,65,55,3,0.99,23.4,23.9
370,Luvdisc,Water,330,43,30,55,40,65,97,3,0.61,8.7,23.4
371,Bagon,Dragon,300,45,75,60,40,30,50,3,0.61,42.1,113.1
372,Shelgon,Dragon,420,65,95,100,60,50,50,3,1.09,110.5,93
373,Salamence,Dragon,600,95,135,80,110,80,100,3,1.5,102.6,45.6
373,Salamence,Flying,600,95,135,80,110,80,100,3,1.5,102.6,45.6
373,"Salamence
Mega Salamence",Dragon,700,95,145,130,120,90,120,3,1.8,112.6,34.8
373,"Salamence
Mega Salamence",Flying,700,95,145,130,120,90,120,3,1.8,112.6,34.8
374,Beldum,Steel,300,40,55,80,35,60,30,3,0.61,95.2,255.8
374,Beldum,Psychic,300,40,55,80,35,60,30,3,0.61,95.2,255.8
375,Metang,Steel,420,60,75,100,55,80,50,3,1.19,202.5,143
375,Metang,Psychic,420,60,75,100,55,80,50,3,1.19,202.5,143
376,Metagross,Steel,600,80,135,130,95,90,70,3,1.6,550,214.8
376,Metagross,Psychic,600,80,135,130,95,90,70,3,1.6,550,214.8
376,"Metagross
Mega Metagross",Steel,700,80,145,150,105,110,110,3,2.49,942.9,152.1
376,"Metagross
Mega Metagross",Psychic,700,80,145,150,105,110,110,3,2.49,942.9,152.1
377,Regirock,Rock,580,80,100,200,50,100,50,3,1.7,230,79.6
378,Regice,Ice,580,80,50,100,100,200,50,3,1.8,175,54
379,Registeel,Steel,580,80,75,150,75,150,50,3,1.91,205,56.2
380,Latias,Dragon,600,80,80,90,110,130,110,3,1.4,40,20.4
380,Latias,Psychic,600,80,80,90,110,130,110,3,1.4,40,20.4
380,"Latias
Mega Latias",Dragon,700,80,100,120,140,150,110,3,1.8,52,16
380,"Latias
Mega Latias",Psychic,700,80,100,120,140,150,110,3,1.8,52,16
381,Latios,Dragon,600,80,90,80,130,110,110,3,2.01,60,14.9
381,Latios,Psychic,600,80,90,80,130,110,110,3,2.01,60,14.9
381,"Latios
Mega Latios",Dragon,700,80,130,100,160,120,110,3,2.31,70,13.1
381,"Latios
Mega Latios",Psychic,700,80,130,100,160,120,110,3,2.31,70,13.1
382,Kyogre,Water,670,100,100,90,150,140,90,3,4.5,352,17.4
382,"Kyogre
Primal Kyogre",Water,770,100,150,90,180,160,90,3,9.78,430,4.5
383,Groudon,Ground,670,100,150,140,100,90,90,3,3.51,950,77.1
383,"Groudon
Primal Groudon",Ground,770,100,180,160,150,90,90,3,5,999.9,40
383,"Groudon
Primal Groudon",Fire,770,100,180,160,150,90,90,3,5,999.9,40
384,Rayquaza,Dragon,680,105,150,90,150,90,95,3,7.01,206.5,4.2
384,Rayquaza,Flying,680,105,150,90,150,90,95,3,7.01,206.5,4.2
384,"Rayquaza
Mega Rayquaza",Dragon,780,105,180,100,180,100,115,3,10.79,392,3.4
384,"Rayquaza
Mega Rayquaza",Flying,780,105,180,100,180,100,115,3,10.79,392,3.4
385,Jirachi,Steel,600,100,100,100,100,100,100,3,0.3,1.1,12.2
385,Jirachi,Psychic,600,100,100,100,100,100,100,3,0.3,1.1,12.2
386,"Deoxys
Normal Forme",Psychic,600,50,150,50,150,50,150,3,1.7,60.8,21
386,"Deoxys
Attack Forme",Psychic,600,50,180,20,180,20,150,3,1.7,60.8,21
386,"Deoxys
Defense Forme",Psychic,600,50,70,160,70,160,90,3,1.7,60.8,21
386,"Deoxys
Speed Forme",Psychic,600,50,95,90,95,90,180,3,1.7,60.8,21
387,Turtwig,Grass,318,55,68,64,45,55,31,4,0.41,10.2,60.7
388,Grotle,Grass,405,75,89,85,55,65,36,4,1.09,97,81.6
389,Torterra,Grass,525,95,109,105,75,85,56,4,2.21,310,63.5
389,Torterra,Ground,525,95,109,105,75,85,56,4,2.21,310,63.5
390,Chimchar,Fire,309,44,58,44,58,44,61,4,0.51,6.2,23.8
391,Monferno,Fire,405,64,78,52,78,52,81,4,0.89,22,27.8
391,Monferno,Fighting,405,64,78,52,78,52,81,4,0.89,22,27.8
392,Infernape,Fire,534,76,104,71,104,71,108,4,1.19,55,38.8
392,Infernape,Fighting,534,76,104,71,104,71,108,4,1.19,55,38.8
393,Piplup,Water,314,53,51,53,61,56,40,4,0.41,5.2,30.9
394,Prinplup,Water,405,64,66,68,81,76,50,4,0.79,23,36.9
395,Empoleon,Water,530,84,86,88,111,101,60,4,1.7,84.5,29.2
395,Empoleon,Steel,530,84,86,88,111,101,60,4,1.7,84.5,29.2
396,Starly,Normal,245,40,55,30,30,30,60,4,0.3,2,22.2
396,Starly,Flying,245,40,55,30,30,30,60,4,0.3,2,22.2
397,Staravia,Normal,340,55,75,50,40,40,80,4,0.61,15.5,41.7
397,Staravia,Flying,340,55,75,50,40,40,80,4,0.61,15.5,41.7
398,Staraptor,Normal,485,85,120,70,50,60,100,4,1.19,24.9,17.6
398,Staraptor,Flying,485,85,120,70,50,60,100,4,1.19,24.9,17.6
399,Bidoof,Normal,250,59,45,40,35,40,31,4,0.51,20,76.9
400,Bibarel,Normal,410,79,85,60,55,60,71,4,0.99,31.5,32.1
400,Bibarel,Water,410,79,85,60,55,60,71,4,0.99,31.5,32.1
401,Kricketot,Bug,194,37,25,41,25,41,25,4,0.3,2.2,24.4
402,Kricketune,Bug,384,77,85,51,55,51,65,4,0.99,25.5,26
403,Shinx,Electric,263,45,65,34,40,34,45,4,0.51,9.5,36.5
404,Luxio,Electric,363,60,85,49,60,49,60,4,0.89,30.5,38.5
405,Luxray,Electric,523,80,120,79,95,79,70,4,1.4,42,21.4
406,Budew,Grass,280,40,30,35,50,70,55,4,0.2,1.2,30
406,Budew,Poison,280,40,30,35,50,70,55,4,0.2,1.2,30
407,Roserade,Grass,515,60,70,65,125,105,90,4,0.89,14.5,18.3
407,Roserade,Poison,515,60,70,65,125,105,90,4,0.89,14.5,18.3
408,Cranidos,Rock,350,67,125,40,30,30,58,4,0.89,31.5,39.8
409,Rampardos,Rock,495,97,165,60,65,50,58,4,1.6,102.5,40
410,Shieldon,Rock,350,30,42,118,42,88,30,4,0.51,57,219.1
410,Shieldon,Steel,350,30,42,118,42,88,30,4,0.51,57,219.1
411,Bastiodon,Rock,495,60,52,168,47,138,30,4,1.3,149.5,88.5
411,Bastiodon,Steel,495,60,52,168,47,138,30,4,1.3,149.5,88.5
412,Burmy,Bug,224,40,29,45,29,45,36,4,0.2,3.4,85
413,"Wormadam
Plant Cloak",Bug,424,60,59,85,79,105,36,4,0.51,6.5,25
413,"Wormadam
Plant Cloak",Grass,424,60,59,85,79,105,36,4,0.51,6.5,25
413,"Wormadam
Sandy Cloak",Bug,424,60,79,105,59,85,36,4,0.51,6.5,25
413,"Wormadam
Sandy Cloak",Ground,424,60,79,105,59,85,36,4,0.51,6.5,25
413,"Wormadam
Trash Cloak",Bug,424,60,69,95,69,95,36,4,0.51,6.5,25
413,"Wormadam
Trash Cloak",Steel,424,60,69,95,69,95,36,4,0.51,6.5,25
414,Mothim,Bug,424,70,94,50,94,50,66,4,0.89,23.3,29.4
414,Mothim,Flying,424,70,94,50,94,50,66,4,0.89,23.3,29.4
415,Combee,Bug,244,30,30,42,30,42,70,4,0.3,5.5,61.1
415,Combee,Flying,244,30,30,42,30,42,70,4,0.3,5.5,61.1
416,Vespiquen,Bug,474,70,80,102,80,102,40,4,1.19,38.5,27.2
416,Vespiquen,Flying,474,70,80,102,80,102,40,4,1.19,38.5,27.2
417,Pachirisu,Electric,405,60,45,70,45,90,95,4,0.41,3.9,23.2
418,Buizel,Water,330,55,65,35,60,30,85,4,0.71,29.5,58.5
419,Floatzel,Water,495,85,105,55,85,50,115,4,1.09,33.5,28.2
420,Cherubi,Grass,275,45,35,45,62,53,35,4,0.41,3.3,19.6
421,Cherrim,Grass,450,70,60,70,87,78,85,4,0.51,9.3,35.8
422,Shellos,Water,325,76,48,48,57,62,34,4,0.3,6.3,70
423,Gastrodon,Water,475,111,83,68,92,82,39,4,0.89,29.9,37.7
423,Gastrodon,Ground,475,111,83,68,92,82,39,4,0.89,29.9,37.7
424,Ambipom,Normal,482,75,100,66,60,66,115,4,1.19,20.3,14.3
425,Drifloon,Ghost,348,90,50,34,60,44,70,4,0.41,1.2,7.1
425,Drifloon,Flying,348,90,50,34,60,44,70,4,0.41,1.2,7.1
426,Drifblim,Ghost,498,150,80,44,90,54,80,4,1.19,15,10.6
426,Drifblim,Flying,498,150,80,44,90,54,80,4,1.19,15,10.6
427,Buneary,Normal,350,55,66,44,44,56,85,4,0.41,5.5,32.7
428,Lopunny,Normal,480,65,76,84,54,96,105,4,1.19,33.3,23.5
428,"Lopunny
Mega Lopunny",Normal,580,65,136,94,54,96,135,4,1.3,28.3,16.7
428,"Lopunny
Mega Lopunny",Fighting,580,65,136,94,54,96,135,4,1.3,28.3,16.7
429,Mismagius,Ghost,495,60,60,60,105,105,105,4,0.89,4.4,5.6
430,Honchkrow,Dark,505,100,125,52,105,52,71,4,0.89,27.3,34.5
430,Honchkrow,Flying,505,100,125,52,105,52,71,4,0.89,27.3,34.5
431,Glameow,Normal,310,49,55,42,42,37,85,4,0.51,3.9,15
432,Purugly,Normal,452,71,82,64,64,59,112,4,0.99,43.8,44.7
433,Chingling,Psychic,285,45,30,50,65,50,45,4,0.2,0.6,15
434,Stunky,Poison,329,63,63,47,41,41,74,4,0.41,19.2,114.2
434,Stunky,Dark,329,63,63,47,41,41,74,4,0.41,19.2,114.2
435,Skuntank,Poison,479,103,93,67,71,61,84,4,0.99,38,38.8
435,Skuntank,Dark,479,103,93,67,71,61,84,4,0.99,38,38.8
436,Bronzor,Steel,300,57,24,86,24,86,23,4,0.51,60.5,232.6
436,Bronzor,Psychic,300,57,24,86,24,86,23,4,0.51,60.5,232.6
437,Bronzong,Steel,500,67,89,116,79,116,33,4,1.3,187,110.7
437,Bronzong,Psychic,500,67,89,116,79,116,33,4,1.3,187,110.7
438,Bonsly,Rock,290,50,80,95,10,45,10,4,0.51,15,57.7
439,Mime Jr.,Psychic,310,20,25,45,70,90,60,4,0.61,13,34.9
439,Mime Jr.,Fairy,310,20,25,45,70,90,60,4,0.61,13,34.9
440,Happiny,Normal,220,100,5,5,15,65,30,4,0.61,24.4,65.6
441,Chatot,Normal,411,76,65,45,92,42,91,4,0.51,1.9,7.3
441,Chatot,Flying,411,76,65,45,92,42,91,4,0.51,1.9,7.3
442,Spiritomb,Ghost,485,50,92,108,92,108,35,4,0.99,108,110.2
442,Spiritomb,Dark,485,50,92,108,92,108,35,4,0.99,108,110.2
443,Gible,Dragon,300,58,70,45,40,45,42,4,0.71,20.5,40.7
443,Gible,Ground,300,58,70,45,40,45,42,4,0.71,20.5,40.7
444,Gabite,Dragon,410,68,90,65,50,55,82,4,1.4,56,28.6
444,Gabite,Ground,410,68,90,65,50,55,82,4,1.4,56,28.6
445,Garchomp,Dragon,600,108,130,95,80,85,102,4,1.91,95,26
445,Garchomp,Ground,600,108,130,95,80,85,102,4,1.91,95,26
445,"Garchomp
Mega Garchomp",Dragon,700,108,170,115,120,95,92,4,1.91,95,26
445,"Garchomp
Mega Garchomp",Ground,700,108,170,115,120,95,92,4,1.91,95,26
446,Munchlax,Normal,390,135,85,40,40,85,5,4,0.61,105,282.2
447,Riolu,Fighting,285,40,70,40,35,40,60,4,0.71,20.2,40.1
448,Lucario,Fighting,525,70,110,70,115,70,90,4,1.19,54,38.1
448,Lucario,Steel,525,70,110,70,115,70,90,4,1.19,54,38.1
448,"Lucario
Mega Lucario",Fighting,625,70,145,88,140,70,112,4,1.3,57.5,34
448,"Lucario
Mega Lucario",Steel,625,70,145,88,140,70,112,4,1.3,57.5,34
449,Hippopotas,Ground,330,68,72,78,38,42,32,4,0.79,49.5,79.3
450,Hippowdon,Ground,525,108,112,118,68,72,47,4,2.01,300,74.3
451,Skorupi,Poison,330,40,50,90,30,55,65,4,0.79,12,19.2
451,Skorupi,Bug,330,40,50,90,30,55,65,4,0.79,12,19.2
452,Drapion,Poison,500,70,90,110,60,75,95,4,1.3,61.5,36.4
452,Drapion,Dark,500,70,90,110,60,75,95,4,1.3,61.5,36.4
453,Croagunk,Poison,300,48,61,40,61,40,50,4,0.71,23,45.6
453,Croagunk,Fighting,300,48,61,40,61,40,50,4,0.71,23,45.6
454,Toxicroak,Poison,490,83,106,65,86,65,85,4,1.3,44.4,26.3
454,Toxicroak,Fighting,490,83,106,65,86,65,85,4,1.3,44.4,26.3
455,Carnivine,Grass,454,74,100,72,90,72,46,4,1.4,27,13.8
456,Finneon,Water,330,49,49,56,49,61,66,4,0.41,7,41.6
457,Lumineon,Water,460,69,69,76,69,86,91,4,1.19,24,16.9
458,Mantyke,Water,345,45,20,50,60,120,50,4,0.99,65,66.3
458,Mantyke,Flying,345,45,20,50,60,120,50,4,0.99,65,66.3
459,Snover,Grass,334,60,62,50,62,60,40,4,0.99,50.5,51.5
459,Snover,Ice,334,60,62,50,62,60,40,4,0.99,50.5,51.5
460,Abomasnow,Grass,494,90,92,75,92,85,60,4,2.21,135.5,27.7
460,Abomasnow,Ice,494,90,92,75,92,85,60,4,2.21,135.5,27.7
460,"Abomasnow
Mega Abomasnow",Grass,594,90,132,105,132,105,30,4,2.69,185,25.6
460,"Abomasnow
Mega Abomasnow",Ice,594,90,132,105,132,105,30,4,2.69,185,25.6
461,Weavile,Dark,510,70,120,65,45,85,125,4,1.09,34,28.6
461,Weavile,Ice,510,70,120,65,45,85,125,4,1.09,34,28.6
462,Magnezone,Electric,535,70,70,115,130,90,60,4,1.19,180,127.1
462,Magnezone,Steel,535,70,70,115,130,90,60,4,1.19,180,127.1
463,Lickilicky,Normal,515,110,85,95,80,95,50,4,1.7,140,48.4
464,Rhyperior,Ground,535,115,140,130,55,55,40,4,2.39,282.8,49.5
464,Rhyperior,Rock,535,115,140,130,55,55,40,4,2.39,282.8,49.5
465,Tangrowth,Grass,535,100,100,125,110,50,50,4,2.01,128.6,31.8
466,Electivire,Electric,540,75,123,67,95,85,95,4,1.8,138.6,42.8
467,Magmortar,Fire,540,75,95,67,125,95,83,4,1.6,68,26.6
468,Togekiss,Fairy,545,85,50,95,120,115,80,4,1.5,38,16.9
468,Togekiss,Flying,545,85,50,95,120,115,80,4,1.5,38,16.9
469,Yanmega,Bug,515,86,76,86,116,56,95,4,1.91,51.5,14.1
469,Yanmega,Flying,515,86,76,86,116,56,95,4,1.91,51.5,14.1
470,Leafeon,Grass,525,65,110,130,60,65,95,4,0.99,25.5,26
471,Glaceon,Ice,525,65,60,110,130,95,65,4,0.79,25.9,41.5
472,Gliscor,Ground,510,75,95,125,45,75,95,4,2.01,42.5,10.5
472,Gliscor,Flying,510,75,95,125,45,75,95,4,2.01,42.5,10.5
473,Mamoswine,Ice,530,110,130,80,70,60,80,4,2.49,291,46.9
473,Mamoswine,Ground,530,110,130,80,70,60,80,4,2.49,291,46.9
474,Porygon-Z,Normal,535,85,80,70,135,75,90,4,0.89,34,42.9
475,Gallade,Psychic,518,68,125,65,65,115,80,4,1.6,52,20.3
475,Gallade,Fighting,518,68,125,65,65,115,80,4,1.6,52,20.3
475,"Gallade
Mega Gallade",Psychic,618,68,165,95,65,115,110,4,1.6,56.4,22
475,"Gallade
Mega Gallade",Fighting,618,68,165,95,65,115,110,4,1.6,56.4,22
476,Probopass,Rock,525,60,55,145,75,150,40,4,1.4,340,173.5
476,Probopass,Steel,525,60,55,145,75,150,40,4,1.4,340,173.5
477,Dusknoir,Ghost,525,45,100,135,65,135,45,4,2.21,106.6,21.8
478,Froslass,Ice,480,70,80,70,80,70,110,4,1.3,26.6,15.7
478,Froslass,Ghost,480,70,80,70,80,70,110,4,1.3,26.6,15.7
479,Rotom,Electric,440,50,50,77,95,77,91,4,0.3,0.3,3.3
479,Rotom,Ghost,440,50,50,77,95,77,91,4,0.3,0.3,3.3
479,"Rotom
Heat Rotom",Electric,520,50,65,107,105,107,86,4,0.3,0.3,3.3
479,"Rotom
Heat Rotom",Fire,520,50,65,107,105,107,86,4,0.3,0.3,3.3
479,"Rotom
Wash Rotom",Electric,520,50,65,107,105,107,86,4,0.3,0.3,3.3
479,"Rotom
Wash Rotom",Water,520,50,65,107,105,107,86,4,0.3,0.3,3.3
479,"Rotom
Frost Rotom",Electric,520,50,65,107,105,107,86,4,0.3,0.3,3.3
479,"Rotom
Frost Rotom",Ice,520,50,65,107,105,107,86,4,0.3,0.3,3.3
479,"Rotom
Fan Rotom",Electric,520,50,65,107,105,107,86,4,0.3,0.3,3.3
479,"Rotom
Fan Rotom",Flying,520,50,65,107,105,107,86,4,0.3,0.3,3.3
479,"Rotom
Mow Rotom",Electric,520,50,65,107,105,107,86,4,0.3,0.3,3.3
479,"Rotom
Mow Rotom",Grass,520,50,65,107,105,107,86,4,0.3,0.3,3.3
480,Uxie,Psychic,580,75,75,130,75,130,95,4,0.3,0.3,3.3
481,Mesprit,Psychic,580,80,105,105,105,105,80,4,0.3,0.3,3.3
482,Azelf,Psychic,580,75,125,70,125,70,115,4,0.3,0.3,3.3
483,Dialga,Steel,680,100,120,120,150,100,90,4,5.41,683,23.3
483,Dialga,Dragon,680,100,120,120,150,100,90,4,5.41,683,23.3
484,Palkia,Water,680,90,120,100,150,120,100,4,4.19,336,19.1
484,Palkia,Dragon,680,90,120,100,150,120,100,4,4.19,336,19.1
485,Heatran,Fire,600,91,90,106,130,106,77,4,1.7,430,148.8
485,Heatran,Steel,600,91,90,106,130,106,77,4,1.7,430,148.8
486,Regigigas,Normal,670,110,160,110,80,110,100,4,3.71,420,30.5
487,"Giratina
Altered Forme",Ghost,680,150,100,120,100,120,90,4,4.5,750,37
487,"Giratina
Altered Forme",Dragon,680,150,100,120,100,120,90,4,4.5,750,37
487,"Giratina
Origin Forme",Ghost,680,150,120,100,120,100,90,4,6.91,650,13.6
487,"Giratina
Origin Forme",Dragon,680,150,120,100,120,100,90,4,6.91,650,13.6
488,Cresselia,Psychic,600,120,70,120,75,130,85,4,1.5,85.6,38
489,Phione,Water,480,80,80,80,80,80,80,4,0.41,3.1,18.4
490,Manaphy,Water,600,100,100,100,100,100,100,4,0.3,1.4,15.6
491,Darkrai,Dark,600,70,90,90,135,90,125,4,1.5,50.5,22.4
492,"Shaymin
Land Forme",Grass,600,100,100,100,100,100,100,4,0.2,2.1,52.5
492,"Shaymin
Sky Forme",Grass,600,100,103,75,120,75,127,4,0.41,5.2,30.9
492,"Shaymin
Sky Forme",Flying,600,100,103,75,120,75,127,4,0.41,5.2,30.9
493,Arceus,Normal,720,120,120,120,120,120,120,4,3.2,320,31.3
494,Victini,Psychic,600,100,100,100,100,100,100,5,0.41,4,23.8
494,Victini,Fire,600,100,100,100,100,100,100,5,0.41,4,23.8
495,Snivy,Grass,308,45,45,55,45,55,63,5,0.61,8.1,21.8
496,Servine,Grass,413,60,60,75,60,75,83,5,0.79,16,25.6
497,Serperior,Grass,528,75,75,95,75,95,113,5,3.3,63,5.8
498,Tepig,Fire,308,65,63,45,45,45,45,5,0.51,9.9,38.1
499,Pignite,Fire,418,90,93,55,70,55,55,5,0.99,55.5,56.6
499,Pignite,Fighting,418,90,93,55,70,55,55,5,0.99,55.5,56.6
500,Emboar,Fire,528,110,123,65,100,65,65,5,1.6,150,58.6
500,Emboar,Fighting,528,110,123,65,100,65,65,5,1.6,150,58.6
501,Oshawott,Water,308,55,55,45,63,45,45,5,0.51,5.9,22.7
502,Dewott,Water,413,75,75,60,83,60,60,5,0.79,24.5,39.3
503,Samurott,Water,528,95,100,85,108,70,70,5,1.5,94.6,42
504,Patrat,Normal,255,45,55,39,35,39,42,5,0.51,11.6,44.6
505,Watchog,Normal,420,60,85,69,60,69,77,5,1.09,27,22.7
506,Lillipup,Normal,275,45,60,45,25,45,55,5,0.41,4.1,24.4
507,Herdier,Normal,370,65,80,65,35,65,60,5,0.89,14.7,18.6
508,Stoutland,Normal,500,85,110,90,45,90,80,5,1.19,61,43.1
509,Purrloin,Dark,281,41,50,37,50,37,66,5,0.41,10.1,60.1
510,Liepard,Dark,446,64,88,50,88,50,106,5,1.09,37.5,31.6
511,Pansage,Grass,316,50,53,48,53,48,64,5,0.61,10.5,28.2
512,Simisage,Grass,498,75,98,63,98,63,101,5,1.09,30.5,25.7
513,Pansear,Fire,316,50,53,48,53,48,64,5,0.61,11,29.6
514,Simisear,Fire,498,75,98,63,98,63,101,5,0.99,28,28.6
515,Panpour,Water,316,50,53,48,53,48,64,5,0.61,13.5,36.3
516,Simipour,Water,498,75,98,63,98,63,101,5,0.99,29,29.6
517,Munna,Psychic,292,76,25,45,67,55,24,5,0.61,23.3,62.6
518,Musharna,Psychic,487,116,55,85,107,95,29,5,1.09,60.5,50.9
519,Pidove,Normal,264,50,55,50,36,30,43,5,0.3,2.1,23.3
519,Pidove,Flying,264,50,55,50,36,30,43,5,0.3,2.1,23.3
520,Tranquill,Normal,358,62,77,62,50,42,65,5,0.61,15,40.3
520,Tranquill,Flying,358,62,77,62,50,42,65,5,0.61,15,40.3
521,Unfezant,Normal,488,80,115,80,65,55,93,5,1.19,29,20.5
521,Unfezant,Flying,488,80,115,80,65,55,93,5,1.19,29,20.5
522,Blitzle,Electric,295,45,60,32,50,32,76,5,0.79,29.8,47.7
523,Zebstrika,Electric,497,75,100,63,80,63,116,5,1.6,79.5,31.1
524,Roggenrola,Rock,280,55,75,85,25,25,15,5,0.41,18,107.1
525,Boldore,Rock,390,70,105,105,50,40,20,5,0.89,102,128.8
526,Gigalith,Rock,515,85,135,130,60,80,25,5,1.7,260,90
527,Woobat,Psychic,313,55,45,43,55,43,72,5,0.41,2.1,12.5
527,Woobat,Flying,313,55,45,43,55,43,72,5,0.41,2.1,12.5
528,Swoobat,Psychic,425,67,57,55,77,55,114,5,0.89,10.5,13.3
528,Swoobat,Flying,425,67,57,55,77,55,114,5,0.89,10.5,13.3
529,Drilbur,Ground,328,60,85,40,30,45,68,5,0.3,8.5,94.4
530,Excadrill,Ground,508,110,135,60,50,65,88,5,0.71,40.4,80.1
530,Excadrill,Steel,508,110,135,60,50,65,88,5,0.71,40.4,80.1
531,Audino,Normal,445,103,60,86,60,86,50,5,1.09,31,26.1
531,"Audino
Mega Audino",Normal,545,103,60,126,80,126,50,5,1.5,32,14.2
531,"Audino
Mega Audino",Fairy,545,103,60,126,80,126,50,5,1.5,32,14.2
532,Timburr,Fighting,305,75,80,55,25,35,35,5,0.61,12.5,33.6
533,Gurdurr,Fighting,405,85,105,85,40,50,40,5,1.19,40,28.2
534,Conkeldurr,Fighting,505,105,140,95,55,65,45,5,1.4,87,44.4
535,Tympole,Water,294,50,50,40,50,40,64,5,0.51,4.5,17.3
536,Palpitoad,Water,384,75,65,55,65,55,69,5,0.79,17,27.2
536,Palpitoad,Ground,384,75,65,55,65,55,69,5,0.79,17,27.2
537,Seismitoad,Water,509,105,95,75,85,75,74,5,1.5,62,27.6
537,Seismitoad,Ground,509,105,95,75,85,75,74,5,1.5,62,27.6
538,Throh,Fighting,465,120,100,85,30,85,45,5,1.3,55.5,32.8
539,Sawk,Fighting,465,75,125,75,30,75,85,5,1.4,51,26
540,Sewaddle,Bug,310,45,53,70,40,60,42,5,0.3,2.5,27.8
540,Sewaddle,Grass,310,45,53,70,40,60,42,5,0.3,2.5,27.8
541,Swadloon,Bug,380,55,63,90,50,80,42,5,0.51,7.3,28.1
541,Swadloon,Grass,380,55,63,90,50,80,42,5,0.51,7.3,28.1
542,Leavanny,Bug,500,75,103,80,70,80,92,5,1.19,20.5,14.5
542,Leavanny,Grass,500,75,103,80,70,80,92,5,1.19,20.5,14.5
543,Venipede,Bug,260,30,45,59,30,39,57,5,0.41,5.3,31.5
543,Venipede,Poison,260,30,45,59,30,39,57,5,0.41,5.3,31.5
544,Whirlipede,Bug,360,40,55,99,40,79,47,5,1.19,58.5,41.3
544,Whirlipede,Poison,360,40,55,99,40,79,47,5,1.19,58.5,41.3
545,Scolipede,Bug,485,60,100,89,55,69,112,5,2.49,200.5,32.3
545,Scolipede,Poison,485,60,100,89,55,69,112,5,2.49,200.5,32.3
546,Cottonee,Grass,280,40,27,60,37,50,66,5,0.3,0.6,6.7
546,Cottonee,Fairy,280,40,27,60,37,50,66,5,0.3,0.6,6.7
547,Whimsicott,Grass,480,60,67,85,77,75,116,5,0.71,6.6,13.1
547,Whimsicott,Fairy,480,60,67,85,77,75,116,5,0.71,6.6,13.1
548,Petilil,Grass,280,45,35,50,70,50,30,5,0.51,6.6,25.4
549,Lilligant,Grass,480,70,60,75,110,75,90,5,1.09,16.3,13.7
550,Basculin,Water,460,70,92,65,80,55,98,5,0.99,18,18.4
551,Sandile,Ground,292,50,72,35,35,35,65,5,0.71,15.2,30.2
551,Sandile,Dark,292,50,72,35,35,35,65,5,0.71,15.2,30.2
552,Krokorok,Ground,351,60,82,45,45,45,74,5,0.99,33.4,34.1
552,Krokorok,Dark,351,60,82,45,45,45,74,5,0.99,33.4,34.1
553,Krookodile,Ground,519,95,117,80,65,70,92,5,1.5,96.3,42.8
553,Krookodile,Dark,519,95,117,80,65,70,92,5,1.5,96.3,42.8
554,Darumaka,Fire,315,70,90,45,15,45,50,5,0.61,37.5,100.8
555,"Darmanitan
Standard Mode",Fire,480,105,140,55,30,55,95,5,1.3,92.9,55
555,"Darmanitan
Zen Mode",Fire,540,105,30,105,140,105,55,5,1.3,92.9,55
555,"Darmanitan
Zen Mode",Psychic,540,105,30,105,140,105,55,5,1.3,92.9,55
556,Maractus,Grass,461,75,86,67,106,67,60,5,0.99,28,28.6
557,Dwebble,Bug,325,50,65,85,35,35,55,5,0.3,14.5,161.1
557,Dwebble,Rock,325,50,65,85,35,35,55,5,0.3,14.5,161.1
558,Crustle,Bug,475,70,95,125,65,75,45,5,1.4,200,102
558,Crustle,Rock,475,70,95,125,65,75,45,5,1.4,200,102
559,Scraggy,Dark,348,50,75,70,35,70,48,5,0.61,11.8,31.7
559,Scraggy,Fighting,348,50,75,70,35,70,48,5,0.61,11.8,31.7
560,Scrafty,Dark,488,65,90,115,45,115,58,5,1.09,30,25.3
560,Scrafty,Fighting,488,65,90,115,45,115,58,5,1.09,30,25.3
561,Sigilyph,Psychic,490,72,58,80,103,80,97,5,1.4,14,7.1
561,Sigilyph,Flying,490,72,58,80,103,80,97,5,1.4,14,7.1
562,Yamask,Ghost,303,38,30,85,55,65,30,5,0.51,1.5,5.8
563,Cofagrigus,Ghost,483,58,50,145,95,105,30,5,1.7,76.5,26.5
564,Tirtouga,Water,355,54,78,103,53,45,22,5,0.71,16.5,32.7
564,Tirtouga,Rock,355,54,78,103,53,45,22,5,0.71,16.5,32.7
565,Carracosta,Water,495,74,108,133,83,65,32,5,1.19,81,57.2
565,Carracosta,Rock,495,74,108,133,83,65,32,5,1.19,81,57.2
566,Archen,Rock,401,55,112,45,74,45,70,5,0.51,9.5,36.5
566,Archen,Flying,401,55,112,45,74,45,70,5,0.51,9.5,36.5
567,Archeops,Rock,567,75,140,65,112,65,110,5,1.4,32,16.3
567,Archeops,Flying,567,75,140,65,112,65,110,5,1.4,32,16.3
568,Trubbish,Poison,329,50,50,62,40,62,65,5,0.61,31,83.3
569,Garbodor,Poison,474,80,95,82,60,82,75,5,1.91,107.3,29.4
570,Zorua,Dark,330,40,65,40,80,40,65,5,0.71,12.5,24.8
571,Zoroark,Dark,510,60,105,60,120,60,105,5,1.6,81.1,31.7
572,Minccino,Normal,300,55,50,40,40,40,75,5,0.41,5.8,34.5
573,Cinccino,Normal,470,75,95,60,65,60,115,5,0.51,7.5,28.8
574,Gothita,Psychic,290,45,30,50,55,65,45,5,0.41,5.8,34.5
575,Gothorita,Psychic,390,60,45,70,75,85,55,5,0.71,18,35.7
576,Gothitelle,Psychic,490,70,55,95,95,110,65,5,1.5,44,19.6
577,Solosis,Psychic,290,45,30,40,105,50,20,5,0.3,1,11.1
578,Duosion,Psychic,370,65,40,50,125,60,30,5,0.61,8,21.5
579,Reuniclus,Psychic,490,110,65,75,125,85,30,5,0.99,20.1,20.5
580,Ducklett,Water,305,62,44,50,44,50,55,5,0.51,5.5,21.1
580,Ducklett,Flying,305,62,44,50,44,50,55,5,0.51,5.5,21.1
581,Swanna,Water,473,75,87,63,87,63,98,5,1.3,24.2,14.3
581,Swanna,Flying,473,75,87,63,87,63,98,5,1.3,24.2,14.3
582,Vanillite,Ice,305,36,50,50,65,60,44,5,0.41,5.7,33.9
583,Vanillish,Ice,395,51,65,65,80,75,59,5,1.09,41,34.5
584,Vanilluxe,Ice,535,71,95,85,110,95,79,5,1.3,57.5,34
585,Deerling,Normal,335,60,60,50,40,50,75,5,0.61,19.5,52.4
585,Deerling,Grass,335,60,60,50,40,50,75,5,0.61,19.5,52.4
586,Sawsbuck,Normal,475,80,100,70,60,70,95,5,1.91,92.5,25.4
586,Sawsbuck,Grass,475,80,100,70,60,70,95,5,1.91,92.5,25.4
587,Emolga,Electric,428,55,75,60,75,60,103,5,0.41,5,29.7
587,Emolga,Flying,428,55,75,60,75,60,103,5,0.41,5,29.7
588,Karrablast,Bug,315,50,75,45,40,45,60,5,0.51,5.9,22.7
589,Escavalier,Bug,495,70,135,105,60,105,20,5,0.99,33,33.7
589,Escavalier,Steel,495,70,135,105,60,105,20,5,0.99,33,33.7
590,Foongus,Grass,294,69,55,45,55,55,15,5,0.2,1,25
590,Foongus,Poison,294,69,55,45,55,55,15,5,0.2,1,25
591,Amoonguss,Grass,464,114,85,70,85,80,30,5,0.61,10.5,28.2
591,Amoonguss,Poison,464,114,85,70,85,80,30,5,0.61,10.5,28.2
592,Frillish,Water,335,55,40,50,65,85,40,5,1.19,33,23.3
592,Frillish,Ghost,335,55,40,50,65,85,40,5,1.19,33,23.3
593,Jellicent,Water,480,100,60,70,85,105,60,5,2.21,135,27.6
593,Jellicent,Ghost,480,100,60,70,85,105,60,5,2.21,135,27.6
594,Alomomola,Water,470,165,75,80,40,45,65,5,1.19,31.6,22.3
595,Joltik,Bug,319,50,47,50,57,50,65,5,0.1,0.6,60
595,Joltik,Electric,319,50,47,50,57,50,65,5,0.1,0.6,60
596,Galvantula,Bug,472,70,77,60,97,60,108,5,0.79,14.3,22.9
596,Galvantula,Electric,472,70,77,60,97,60,108,5,0.79,14.3,22.9
597,Ferroseed,Grass,305,44,50,91,24,86,10,5,0.61,18.8,50.5
597,Ferroseed,Steel,305,44,50,91,24,86,10,5,0.61,18.8,50.5
598,Ferrothorn,Grass,489,74,94,131,54,116,20,5,0.99,110,112.2
598,Ferrothorn,Steel,489,74,94,131,54,116,20,5,0.99,110,112.2
599,Klink,Steel,300,40,55,70,45,60,30,5,0.3,21,233.3
600,Klang,Steel,440,60,80,95,70,85,50,5,0.61,51,137.1
601,Klinklang,Steel,520,60,100,115,70,85,90,5,0.61,81,217.7
602,Tynamo,Electric,275,35,55,40,45,40,60,5,0.2,0.3,7.5
603,Eelektrik,Electric,405,65,85,70,75,70,40,5,1.19,22,15.5
604,Eelektross,Electric,515,85,115,80,105,80,50,5,2.11,80.5,18.1
605,Elgyem,Psychic,335,55,55,55,85,55,30,5,0.51,9,34.6
606,Beheeyem,Psychic,485,75,75,75,125,95,40,5,0.99,34.5,35.2
607,Litwick,Ghost,275,50,30,55,65,55,20,5,0.3,3.1,34.4
607,Litwick,Fire,275,50,30,55,65,55,20,5,0.3,3.1,34.4
608,Lampent,Ghost,370,60,40,60,95,60,55,5,0.61,13,34.9
608,Lampent,Fire,370,60,40,60,95,60,55,5,0.61,13,34.9
609,Chandelure,Ghost,520,60,55,90,145,90,80,5,0.99,34.3,35
609,Chandelure,Fire,520,60,55,90,145,90,80,5,0.99,34.3,35
610,Axew,Dragon,320,46,87,60,30,40,57,5,0.61,18,48.4
611,Fraxure,Dragon,410,66,117,70,40,50,67,5,0.99,36,36.7
612,Haxorus,Dragon,540,76,147,90,60,70,97,5,1.8,105.5,32.6
613,Cubchoo,Ice,305,55,70,40,60,40,40,5,0.51,8.5,32.7
614,Beartic,Ice,485,95,110,80,70,80,50,5,2.59,260,38.8
615,Cryogonal,Ice,485,70,50,30,95,135,105,5,1.09,148,124.6
616,Shelmet,Bug,305,50,40,85,40,65,25,5,0.41,7.7,45.8
617,Accelgor,Bug,495,80,70,40,100,60,145,5,0.79,25.3,40.5
618,Stunfisk,Ground,471,109,66,84,81,99,32,5,0.71,11,21.8
618,Stunfisk,Electric,471,109,66,84,81,99,32,5,0.71,11,21.8
619,Mienfoo,Fighting,350,45,85,50,55,50,65,5,0.89,20,25.2
620,Mienshao,Fighting,510,65,125,60,95,60,105,5,1.4,35.5,18.1
621,Druddigon,Dragon,485,77,120,90,60,90,48,5,1.6,139,54.3
622,Golett,Ground,303,59,74,50,35,50,35,5,0.99,92,93.9
622,Golett,Ghost,303,59,74,50,35,50,35,5,0.99,92,93.9
623,Golurk,Ground,483,89,124,80,55,80,55,5,2.79,330,42.4
623,Golurk,Ghost,483,89,124,80,55,80,55,5,2.79,330,42.4
624,Pawniard,Dark,340,45,85,70,40,40,60,5,0.51,10.2,39.2
624,Pawniard,Steel,340,45,85,70,40,40,60,5,0.51,10.2,39.2
625,Bisharp,Dark,490,65,125,100,60,70,70,5,1.6,70,27.3
625,Bisharp,Steel,490,65,125,100,60,70,70,5,1.6,70,27.3
626,Bouffalant,Normal,490,95,110,95,40,95,55,5,1.6,94.6,37
627,Rufflet,Normal,350,70,83,50,37,50,60,5,0.51,10.5,40.4
627,Rufflet,Flying,350,70,83,50,37,50,60,5,0.51,10.5,40.4
628,Braviary,Normal,510,100,123,75,57,75,80,5,1.5,41,18.2
628,Braviary,Flying,510,100,123,75,57,75,80,5,1.5,41,18.2
629,Vullaby,Dark,370,70,55,75,45,65,60,5,0.51,9,34.6
629,Vullaby,Flying,370,70,55,75,45,65,60,5,0.51,9,34.6
630,Mandibuzz,Dark,510,110,65,105,55,95,80,5,1.19,39.5,27.9
630,Mandibuzz,Flying,510,110,65,105,55,95,80,5,1.19,39.5,27.9
631,Heatmor,Fire,484,85,97,66,105,66,65,5,1.4,58,29.6
632,Durant,Bug,484,58,109,112,48,48,109,5,0.3,33,366.7
632,Durant,Steel,484,58,109,112,48,48,109,5,0.3,33,366.7
633,Deino,Dark,300,52,65,50,45,50,38,5,0.79,17.3,27.7
633,Deino,Dragon,300,52,65,50,45,50,38,5,0.79,17.3,27.7
634,Zweilous,Dark,420,72,85,70,65,70,58,5,1.4,50,25.5
634,Zweilous,Dragon,420,72,85,70,65,70,58,5,1.4,50,25.5
635,Hydreigon,Dark,600,92,105,90,125,90,98,5,1.8,160,49.4
635,Hydreigon,Dragon,600,92,105,90,125,90,98,5,1.8,160,49.4
636,Larvesta,Bug,360,55,85,55,50,55,60,5,1.09,28.8,24.2
636,Larvesta,Fire,360,55,85,55,50,55,60,5,1.09,28.8,24.2
637,Volcarona,Bug,550,85,60,65,135,105,100,5,1.6,46,18
637,Volcarona,Fire,550,85,60,65,135,105,100,5,1.6,46,18
638,Cobalion,Steel,580,91,90,129,90,72,108,5,2.11,250,56.2
638,Cobalion,Fighting,580,91,90,129,90,72,108,5,2.11,250,56.2
639,Terrakion,Rock,580,91,129,90,72,90,108,5,1.91,260,71.3
639,Terrakion,Fighting,580,91,129,90,72,90,108,5,1.91,260,71.3
640,Virizion,Grass,580,91,90,72,90,129,108,5,2.01,200,49.5
640,Virizion,Fighting,580,91,90,72,90,129,108,5,2.01,200,49.5
641,"Tornadus
Incarnate Forme",Flying,580,79,115,70,125,80,111,5,1.5,63,28
641,"Tornadus
Therian Forme",Flying,580,79,100,80,110,90,121,5,1.4,63,32.1
642,"Thundurus
Incarnate Forme",Electric,580,79,115,70,125,80,111,5,1.5,61,27.1
642,"Thundurus
Incarnate Forme",Flying,580,79,115,70,125,80,111,5,1.5,61,27.1
642,"Thundurus
Therian Forme",Electric,580,79,105,70,145,80,101,5,3,61,6.8
642,"Thundurus
Therian Forme",Flying,580,79,105,70,145,80,101,5,3,61,6.8
643,Reshiram,Dragon,680,100,120,100,150,120,90,5,3.2,330,32.2
643,Reshiram,Fire,680,100,120,100,150,120,90,5,3.2,330,32.2
644,Zekrom,Dragon,680,100,150,120,120,100,90,5,2.9,345,41
644,Zekrom,Electric,680,100,150,120,120,100,90,5,2.9,345,41
645,"Landorus
Incarnate Forme",Ground,600,89,125,90,115,80,101,5,1.5,68,30.2
645,"Landorus
Incarnate Forme",Flying,600,89,125,90,115,80,101,5,1.5,68,30.2
645,"Landorus
Therian Forme",Ground,600,89,145,90,105,80,91,5,1.3,68,40.2
645,"Landorus
Therian Forme",Flying,600,89,145,90,105,80,91,5,1.3,68,40.2
646,Kyurem,Dragon,660,125,130,90,130,90,95,5,3,325,36.1
646,Kyurem,Ice,660,125,130,90,130,90,95,5,3,325,36.1
646,"Kyurem
Black Kyurem",Dragon,700,125,170,100,120,90,95,5,3.3,325,29.8
646,"Kyurem
Black Kyurem",Ice,700,125,170,100,120,90,95,5,3.3,325,29.8
646,"Kyurem
White Kyurem",Dragon,700,125,120,90,170,100,95,5,3.61,325,24.9
646,"Kyurem
White Kyurem",Ice,700,125,120,90,170,100,95,5,3.61,325,24.9
647,"Keldeo
Ordinary Forme",Water,580,91,72,90,129,90,108,5,1.4,48.5,24.7
647,"Keldeo
Ordinary Forme",Fighting,580,91,72,90,129,90,108,5,1.4,48.5,24.7
647,"Keldeo
Resolute Forme",Water,580,91,72,90,129,90,108,5,1.4,48.5,24.7
647,"Keldeo
Resolute Forme",Fighting,580,91,72,90,129,90,108,5,1.4,48.5,24.7
648,"Meloetta
Aria Forme",Normal,600,100,77,77,128,128,90,5,0.61,6.5,17.5
648,"Meloetta
Aria Forme",Psychic,600,100,77,77,128,128,90,5,0.61,6.5,17.5
648,"Meloetta
Pirouette Forme",Normal,600,100,128,90,77,77,128,5,0.61,6.5,17.5
648,"Meloetta
Pirouette Forme",Fighting,600,100,128,90,77,77,128,5,0.61,6.5,17.5
649,Genesect,Bug,600,71,120,95,120,95,99,5,1.5,82.5,36.7
649,Genesect,Steel,600,71,120,95,120,95,99,5,1.5,82.5,36.7
650,Chespin,Grass,313,56,61,65,48,45,38,6,0.41,9,53.5
651,Quilladin,Grass,405,61,78,95,56,58,57,6,0.71,29,57.5
652,Chesnaught,Grass,530,88,107,122,74,75,64,6,1.6,90,35.2
652,Chesnaught,Fighting,530,88,107,122,74,75,64,6,1.6,90,35.2
653,Fennekin,Fire,307,40,45,40,62,60,60,6,0.41,9.4,55.9
654,Braixen,Fire,409,59,59,58,90,70,73,6,0.99,14.5,14.8
655,Delphox,Fire,534,75,69,72,114,100,104,6,1.5,39,17.3
655,Delphox,Psychic,534,75,69,72,114,100,104,6,1.5,39,17.3
656,Froakie,Water,314,41,56,40,62,44,71,6,0.3,7,77.8
657,Frogadier,Water,405,54,63,52,83,56,97,6,0.61,10.9,29.3
658,Greninja,Water,530,72,95,67,103,71,122,6,1.5,40,17.8
658,Greninja,Dark,530,72,95,67,103,71,122,6,1.5,40,17.8
659,Bunnelby,Normal,237,38,36,38,32,36,57,6,0.41,5,29.7
660,Diggersby,Normal,423,85,56,77,50,77,78,6,0.99,42.4,43.3
660,Diggersby,Ground,423,85,56,77,50,77,78,6,0.99,42.4,43.3
661,Fletchling,Normal,278,45,50,43,40,38,62,6,0.3,1.7,18.9
661,Fletchling,Flying,278,45,50,43,40,38,62,6,0.3,1.7,18.9
662,Fletchinder,Fire,382,62,73,55,56,52,84,6,0.71,16,31.7
662,Fletchinder,Flying,382,62,73,55,56,52,84,6,0.71,16,31.7
663,Talonflame,Fire,499,78,81,71,74,69,126,6,1.19,24.5,17.3
663,Talonflame,Flying,499,78,81,71,74,69,126,6,1.19,24.5,17.3
664,Scatterbug,Bug,200,38,35,40,27,25,35,6,0.3,2.5,27.8
665,Spewpa,Bug,213,45,22,60,27,30,29,6,0.3,8.4,93.3
666,Vivillon,Bug,411,80,52,50,90,50,89,6,1.19,17,12
666,Vivillon,Flying,411,80,52,50,90,50,89,6,1.19,17,12
667,Litleo,Fire,369,62,50,58,73,54,72,6,0.61,13.5,36.3
667,Litleo,Normal,369,62,50,58,73,54,72,6,0.61,13.5,36.3
668,Pyroar,Fire,507,86,68,72,109,66,106,6,1.5,81.5,36.2
668,Pyroar,Normal,507,86,68,72,109,66,106,6,1.5,81.5,36.2
669,Flabébé,Fairy,303,44,38,39,61,79,42,6,0.1,0.1,10
670,Floette,Fairy,371,54,45,47,75,98,52,6,0.2,0.9,22.5
671,Florges,Fairy,552,78,65,68,112,154,75,6,1.09,10,8.4
672,Skiddo,Grass,350,66,65,48,62,57,52,6,0.89,31,39.1
673,Gogoat,Grass,531,123,100,62,97,81,68,6,1.7,91,31.5
674,Pancham,Fighting,348,67,82,62,46,48,43,6,0.61,8,21.5
675,Pangoro,Fighting,495,95,124,78,69,71,58,6,2.11,136,30.5
675,Pangoro,Dark,495,95,124,78,69,71,58,6,2.11,136,30.5
676,Furfrou,Normal,472,75,80,60,65,90,102,6,1.19,28,19.8
677,Espurr,Psychic,355,62,48,54,63,60,68,6,0.3,3.5,38.9
678,"Meowstic
Male",Psychic,466,74,48,76,83,81,104,6,0.61,8.5,22.8
678,"Meowstic
Female",Psychic,466,74,48,76,83,81,104,6,0.61,8.5,22.8
679,Honedge,Steel,325,45,80,100,35,37,28,6,0.79,2,3.2
679,Honedge,Ghost,325,45,80,100,35,37,28,6,0.79,2,3.2
680,Doublade,Steel,448,59,110,150,45,49,35,6,0.84,4.5,6.4
680,Doublade,Ghost,448,59,110,150,45,49,35,6,0.84,4.5,6.4
681,"Aegislash
Blade Forme",Steel,520,60,150,50,150,50,60,6,1.7,53,18.3
681,"Aegislash
Blade Forme",Ghost,520,60,150,50,150,50,60,6,1.7,53,18.3
681,"Aegislash
Shield Forme",Steel,520,60,50,150,50,150,60,6,1.7,53,18.3
681,"Aegislash
Shield Forme",Ghost,520,60,50,150,50,150,60,6,1.7,53,18.3
682,Spritzee,Fairy,341,78,52,60,63,65,23,6,0.2,0.5,12.5
683,Aromatisse,Fairy,462,101,72,72,99,89,29,6,0.79,15.5,24.8
684,Swirlix,Fairy,341,62,48,66,59,57,49,6,0.41,3.5,20.8
685,Slurpuff,Fairy,480,82,80,86,85,75,72,6,0.79,5,8
686,Inkay,Dark,288,53,54,53,37,46,45,6,0.41,3.5,20.8
686,Inkay,Psychic,288,53,54,53,37,46,45,6,0.41,3.5,20.8
687,Malamar,Dark,482,86,92,88,68,75,73,6,1.5,47,20.9
687,Malamar,Psychic,482,86,92,88,68,75,73,6,1.5,47,20.9
688,Binacle,Rock,306,42,52,67,39,56,50,6,0.51,31,119.2
688,Binacle,Water,306,42,52,67,39,56,50,6,0.51,31,119.2
689,Barbaracle,Rock,500,72,105,115,54,86,68,6,1.3,96,56.8
689,Barbaracle,Water,500,72,105,115,54,86,68,6,1.3,96,56.8
690,Skrelp,Poison,320,50,60,60,60,60,30,6,0.51,7.3,28.1
690,Skrelp,Water,320,50,60,60,60,60,30,6,0.51,7.3,28.1
691,Dragalge,Poison,494,65,75,90,97,123,44,6,1.8,81.5,25.2
691,Dragalge,Dragon,494,65,75,90,97,123,44,6,1.8,81.5,25.2
692,Clauncher,Water,330,50,53,62,58,63,44,6,0.51,8.3,31.9
693,Clawitzer,Water,500,71,73,88,120,89,59,6,1.3,35.3,20.9
694,Helioptile,Electric,289,44,38,33,61,43,70,6,0.51,6,23.1
694,Helioptile,Normal,289,44,38,33,61,43,70,6,0.51,6,23.1
695,Heliolisk,Electric,481,62,55,52,109,94,109,6,0.99,21,21.4
695,Heliolisk,Normal,481,62,55,52,109,94,109,6,0.99,21,21.4
696,Tyrunt,Rock,362,58,89,77,45,45,48,6,0.79,26,41.7
696,Tyrunt,Dragon,362,58,89,77,45,45,48,6,0.79,26,41.7
697,Tyrantrum,Rock,521,82,121,119,69,59,71,6,2.49,270,43.5
697,Tyrantrum,Dragon,521,82,121,119,69,59,71,6,2.49,270,43.5
698,Amaura,Rock,362,77,59,50,67,63,46,6,1.3,25.2,14.9
698,Amaura,Ice,362,77,59,50,67,63,46,6,1.3,25.2,14.9
699,Aurorus,Rock,521,123,77,72,99,92,58,6,2.69,225,31.1
699,Aurorus,Ice,521,123,77,72,99,92,58,6,2.69,225,31.1
700,Sylveon,Fairy,525,95,65,65,110,130,60,6,0.99,23.5,24
701,Hawlucha,Fighting,500,78,92,75,74,63,118,6,0.79,21.5,34.4
701,Hawlucha,Flying,500,78,92,75,74,63,118,6,0.79,21.5,34.4
702,Dedenne,Electric,431,67,58,57,81,67,101,6,0.2,2.2,55
702,Dedenne,Fairy,431,67,58,57,81,67,101,6,0.2,2.2,55
703,Carbink,Rock,500,50,50,150,50,150,50,6,0.3,5.7,63.3
703,Carbink,Fairy,500,50,50,150,50,150,50,6,0.3,5.7,63.3
704,Goomy,Dragon,300,45,50,35,55,75,40,6,0.3,2.8,31.1
705,Sliggoo,Dragon,452,68,75,53,83,113,60,6,0.79,17.5,28
706,Goodra,Dragon,600,90,100,70,110,150,80,6,2.01,150.5,37.3
707,Klefki,Steel,470,57,80,91,80,87,75,6,0.2,3,75
707,Klefki,Fairy,470,57,80,91,80,87,75,6,0.2,3,75
708,Phantump,Ghost,309,43,70,48,50,60,38,6,0.41,7,41.6
708,Phantump,Grass,309,43,70,48,50,60,38,6,0.41,7,41.6
709,Trevenant,Ghost,474,85,110,76,65,82,56,6,1.5,71,31.6
709,Trevenant,Grass,474,85,110,76,65,82,56,6,1.5,71,31.6
710,"Pumpkaboo
Average Size",Ghost,335,49,66,70,44,55,51,6,0.41,5,29.7
710,"Pumpkaboo
Average Size",Grass,335,49,66,70,44,55,51,6,0.41,5,29.7
710,"Pumpkaboo
Small Size",Ghost,335,44,66,70,44,55,56,6,0.41,5,29.7
710,"Pumpkaboo
Small Size",Grass,335,44,66,70,44,55,56,6,0.41,5,29.7
710,"Pumpkaboo
Large Size",Ghost,335,54,66,70,44,55,46,6,0.41,5,29.7
710,"Pumpkaboo
Large Size",Grass,335,54,66,70,44,55,46,6,0.41,5,29.7
710,"Pumpkaboo
Super Size",Ghost,335,59,66,70,44,55,41,6,0.41,5,29.7
710,"Pumpkaboo
Super Size",Grass,335,59,66,70,44,55,41,6,0.41,5,29.7
711,"Gourgeist
Average Size",Ghost,494,65,90,122,58,75,84,6,1.7,39,13.5
711,"Gourgeist
Average Size",Grass,494,65,90,122,58,75,84,6,1.7,39,13.5
711,"Gourgeist
Small Size",Ghost,494,55,85,122,58,75,99,6,1.7,39,13.5
711,"Gourgeist
Small Size",Grass,494,55,85,122,58,75,99,6,1.7,39,13.5
711,"Gourgeist
Large Size",Ghost,494,75,95,122,58,75,69,6,1.7,39,13.5
711,"Gourgeist
Large Size",Grass,494,75,95,122,58,75,69,6,1.7,39,13.5
711,"Gourgeist
Super Size",Ghost,494,85,100,122,58,75,54,6,1.7,39,13.5
711,"Gourgeist
Super Size",Grass,494,85,100,122,58,75,54,6,1.7,39,13.5
712,Bergmite,Ice,304,55,69,85,32,35,28,6,0.99,99.5,101.5
713,Avalugg,Ice,514,95,117,184,44,46,28,6,2.01,505,125
714,Noibat,Flying,245,40,30,35,45,40,55,6,0.51,8,30.8
714,Noibat,Dragon,245,40,30,35,45,40,55,6,0.51,8,30.8
715,Noivern,Flying,535,85,70,80,97,80,123,6,1.5,85,37.8
715,Noivern,Dragon,535,85,70,80,97,80,123,6,1.5,85,37.8
716,Xerneas,Fairy,680,126,131,95,131,98,99,6,3,215,23.9
717,Yveltal,Dark,680,126,131,95,131,98,99,6,5.79,203,6.1
717,Yveltal,Flying,680,126,131,95,131,98,99,6,5.79,203,6.1
718,"Zygarde
50% Forme",Dragon,600,108,100,121,81,95,95,6,5,305,12.2
718,"Zygarde
50% Forme",Ground,600,108,100,121,81,95,95,6,5,305,12.2
719,Diancie,Rock,600,50,100,150,100,150,50,6,0.71,8.8,17.5
719,Diancie,Fairy,600,50,100,150,100,150,50,6,0.71,8.8,17.5
719,"Diancie
Mega Diancie",Rock,700,50,160,110,160,110,110,6,1.09,27.8,23.4
719,"Diancie
Mega Diancie",Fairy,700,50,160,110,160,110,110,6,1.09,27.8,23.4
720,"Hoopa
Hoopa Confined",Psychic,600,80,110,60,150,130,70,6,0.51,9,34.6
720,"Hoopa
Hoopa Confined",Ghost,600,80,110,60,150,130,70,6,0.51,9,34.6
720,"Hoopa
Hoopa Unbound",Psychic,680,80,160,60,170,130,80,6,6.5,490,11.6
720,"Hoopa
Hoopa Unbound",Dark,680,80,160,60,170,130,80,6,6.5,490,11.6
721,Volcanion,Fire,600,80,110,120,130,90,70,6,1.7,195,67.5
721,Volcanion,Water,600,80,110,120,130,90,70,6,1.7,195,67.5
